candidate_id,word,google_runtime_target_attempts,google_ciluba_value,google_ciluba_route,google_ciluba_status,google_errors,legacy_evidence_rows,gpt_ciluba_proposal,gpt_confidence,gpt_evidence_basis,gpt_supporting_rows,gpt_reason,final_CILUBA,final_CILUBA_method,final_CILUBA_status
C001,vana,code_attempt:lua;code_attempt:tsh;code_attempt:lu,,,unsupported_or_failed,"LanguageNotSupportedException: lua --> No support for the provided language.
Please select on of the supported languages:
{'afrikaans': 'af', 'albanian': 'sq', 'amharic': 'am', 'arabic': 'ar', 'armenian': 'hy', 'assamese': 'as', 'aymara': 'ay', 'azerbaijani': 'az', 'bambara': 'bm', 'basque': 'eu', 'belarusian': 'be', 'bengali': 'bn', 'bhojpuri': 'bho', 'bosnian': 'bs', 'bulgarian': 'bg', 'catalan': 'ca', 'cebuano': 'ceb', 'chichewa': 'ny', 'chinese (simplified)': 'zh-CN', 'chinese (traditional)': 'zh-TW', 'corsican': 'co', 'croatian': 'hr', 'czech': 'cs', 'danish': 'da', 'dhivehi': 'dv', 'dogri': 'doi', 'dutch': 'nl', 'english': 'en', 'esperanto': 'eo', 'estonian': 'et', 'ewe': 'ee', 'filipino': 'tl', 'finnish': 'fi', 'french': 'fr', 'frisian': 'fy', 'galician': 'gl', 'georgian': 'ka', 'german': 'de', 'greek': 'el', 'guarani': 'gn', 'gujarati': 'gu', 'haitian creole': 'ht', 'hausa': 'ha', 'hawaiian': 'haw', 'hebrew': 'iw', 'hindi': 'hi', 'hmong': 'hmn', 'hungarian': 'hu', 'icelandic': 'is', 'igbo': 'ig', 'ilocano': 'ilo', 'indonesian': 'id', 'irish': 'ga', 'italian': 'it', 'japanese': 'ja', 'javanese': 'jw', 'kannada': 'kn', 'kazakh': 'kk', 'khmer': 'km', 'kinyarwanda': 'rw', 'konkani': 'gom', 'korean': 'ko', 'krio': 'kri', 'kurdish (kurmanji)': 'ku', 'kurdish (sorani)': 'ckb', 'kyrgyz': 'ky', 'lao': 'lo', 'latin': 'la', 'latvian': 'lv', 'lingala': 'ln', 'lithuanian': 'lt', 'luganda': 'lg', 'luxembourgish': 'lb', 'macedonian': 'mk', 'maithili': 'mai', 'malagasy': 'mg', 'malay': 'ms', 'malayalam': 'ml', 'maltese': 'mt', 'maori': 'mi', 'marathi': 'mr', 'meiteilon (manipuri)': 'mni-Mtei', 'mizo': 'lus', 'mongolian': 'mn', 'myanmar': 'my', 'nepali': 'ne', 'norwegian': 'no', 'odia (oriya)': 'or', 'oromo': 'om', 'pashto': 'ps', 'persian': 'fa', 'polish': 'pl', 'portuguese': 'pt', 'punjabi': 'pa', 'quechua': 'qu', 'romanian': 'ro', 'russian': 'ru', 'samoan': 'sm', 'sanskrit': 'sa', 'scots gaelic': 'gd', 'sepedi': 'nso', 'serbian': 'sr', 'sesotho': 'st', 'shona': 'sn', 'sindhi': 'sd', 'sinhala': 'si', 'slovak': 'sk', 'slovenian': 'sl', 'somali': 'so', 'spanish': 'es', 'sundanese': 'su', 'swahili': 'sw', 'swedish': 'sv', 'tajik': 'tg', 'tamil': 'ta', 'tatar': 'tt', 'telugu': 'te', 'thai': 'th', 'tigrinya': 'ti', 'tsonga': 'ts', 'turkish': 'tr', 'turkmen': 'tk', 'twi': 'ak', 'ukrainian': 'uk', 'urdu': 'ur', 'uyghur': 'ug', 'uzbek': 'uz', 'vietnamese': 'vi', 'welsh': 'cy', 'xhosa': 'xh', 'yiddish': 'yi', 'yoruba': 'yo', 'zulu': 'zu'} | LanguageNotSupportedException: lua --> No support for the provided language.
Please select on of the supported languages:
{'afrikaans': 'af', 'albanian': 'sq', 'amharic': 'am', 'arabic': 'ar', 'armenian': 'hy', 'assamese': 'as', 'aymara': 'ay', 'azerbaijani': 'az', 'bambara': 'bm', 'basque': 'eu', 'belarusian': 'be', 'bengali': 'bn', 'bhojpuri': 'bho', 'bosnian': 'bs', 'bulgarian': 'bg', 'catalan': 'ca', 'cebuano': 'ceb', 'chichewa': 'ny', 'chinese (simplified)': 'zh-CN', 'chinese (traditional)': 'zh-TW', 'corsican': 'co', 'croatian': 'hr', 'czech': 'cs', 'danish': 'da', 'dhivehi': 'dv', 'dogri': 'doi', 'dutch': 'nl', 'english': 'en', 'esperanto': 'eo', 'estonian': 'et', 'ewe': 'ee', 'filipino': 'tl', 'finnish': 'fi', 'french': 'fr', 'frisian': 'fy', 'galician': 'gl', 'georgian': 'ka', 'german': 'de', 'greek': 'el', 'guarani': 'gn', 'gujarati': 'gu', 'haitian creole': 'ht', 'hausa': 'ha', 'hawaiian': 'haw', 'hebrew': 'iw', 'hindi': 'hi', 'hmong': 'hmn', 'hungarian': 'hu', 'icelandic': 'is', 'igbo': 'ig', 'ilocano': 'ilo', 'indonesian': 'id', 'irish': 'ga', 'italian': 'it', 'japanese': 'ja', 'javanese': 'jw', 'kannada': 'kn', 'kazakh': 'kk', 'khmer': 'km', 'kinyarwanda': 'rw', 'konkani': 'gom', 'korean': 'ko', 'krio': 'kri', 'kurdish (kurmanji)': 'ku', 'kurdish (sorani)': 'ckb', 'kyrgyz': 'ky', 'lao': 'lo', 'latin': 'la', 'latvian': 'lv', 'lingala': 'ln', 'lithuanian': 'lt', 'luganda': 'lg', 'luxembourgish': 'lb', 'macedonian': 'mk', 'maithili': 'mai', 'malagasy': 'mg', 'malay': 'ms', 'malayalam': 'ml', 'maltese': 'mt', 'maori': 'mi', 'marathi': 'mr', 'meiteilon (manipuri)': 'mni-Mtei', 'mizo': 'lus', 'mongolian': 'mn', 'myanmar': 'my', 'nepali': 'ne', 'norwegian': 'no', 'odia (oriya)': 'or', 'oromo': 'om', 'pashto': 'ps', 'persian': 'fa', 'polish': 'pl', 'portuguese': 'pt', 'punjabi': 'pa', 'quechua': 'qu', 'romanian': 'ro', 'russian': 'ru', 'samoan': 'sm', 'sanskrit': 'sa', 'scots gaelic': 'gd', 'sepedi': 'nso', 'serbian': 'sr', 'sesotho': 'st', 'shona': 'sn', 'sindhi': 'sd', 'sinhala': 'si', 'slovak': 'sk', 'slovenian': 'sl', 'somali': 'so', 'spanish': 'es', 'sundanese': 'su', 'swahili': 'sw', 'swedish': 'sv', 'tajik': 'tg', 'tamil': 'ta', 'tatar': 'tt', 'telugu': 'te', 'thai': 'th', 'tigrinya': 'ti', 'tsonga': 'ts', 'turkish': 'tr', 'turkmen': 'tk', 'twi': 'ak', 'ukrainian': 'uk', 'urdu': 'ur', 'uyghur': 'ug', 'uzbek': 'uz', 'vietnamese': 'vi', 'welsh': 'cy', 'xhosa': 'xh', 'yiddish': 'yi', 'yoruba': 'yo', 'zulu': 'zu'} | LanguageNotSupportedException: tsh --> No support for the provided language.
Please select on of the supported languages:
{'afrikaans': 'af', 'albanian': 'sq', 'amharic': 'am', 'arabic': 'ar', 'armenian': 'hy', 'assamese': 'as', 'aymara': 'ay', 'azerbaijani': 'az', 'bambara': 'bm', 'basque': 'eu', 'belarusian': 'be', 'bengali': 'bn', 'bhojpuri': 'bho', 'bosnian': 'bs', 'bulgarian': 'bg', 'catalan': 'ca', 'cebuano': 'ceb', 'chichewa': 'ny', 'chinese (simplified)': 'zh-CN', 'chinese (traditional)': 'zh-TW', 'corsican': 'co', 'croatian': 'hr', 'czech': 'cs', 'danish': 'da', 'dhivehi': 'dv', 'dogri': 'doi', 'dutch': 'nl', 'english': 'en', 'esperanto': 'eo', 'estonian': 'et', 'ewe': 'ee', 'filipino': 'tl', 'finnish': 'fi', 'french': 'fr', 'frisian': 'fy', 'galician': 'gl', 'georgian': 'ka', 'german': 'de', 'greek': 'el', 'guarani': 'gn', 'gujarati': 'gu', 'haitian creole': 'ht', 'hausa': 'ha', 'hawaiian': 'haw', 'hebrew': 'iw', 'hindi': 'hi', 'hmong': 'hmn', 'hungarian': 'hu', 'icelandic': 'is', 'igbo': 'ig', 'ilocano': 'ilo', 'indonesian': 'id', 'irish': 'ga', 'italian': 'it', 'japanese': 'ja', 'javanese': 'jw', 'kannada': 'kn', 'kazakh': 'kk', 'khmer': 'km', 'kinyarwanda': 'rw', 'konkani': 'gom', 'korean': 'ko', 'krio': 'kri', 'kurdish (kurmanji)': 'ku', 'kurdish (sorani)': 'ckb', 'kyrgyz': 'ky', 'lao': 'lo', 'latin': 'la', 'latvian': 'lv', 'lingala': 'ln', 'lithuanian': 'lt', 'luganda': 'lg', 'luxembourgish': 'lb', 'macedonian': 'mk', 'maithili': 'mai', 'malagasy': 'mg', 'malay': 'ms', 'malayalam': 'ml', 'maltese': 'mt', 'maori': 'mi', 'marathi': 'mr', 'meiteilon (manipuri)': 'mni-Mtei', 'mizo': 'lus', 'mongolian': 'mn', 'myanmar': 'my', 'nepali': 'ne', 'norwegian': 'no', 'odia (oriya)': 'or', 'oromo': 'om', 'pashto': 'ps', 'persian': 'fa', 'polish': 'pl', 'portuguese': 'pt', 'punjabi': 'pa', 'quechua': 'qu', 'romanian': 'ro', 'russian': 'ru', 'samoan': 'sm', 'sanskrit': 'sa', 'scots gaelic': 'gd', 'sepedi': 'nso', 'serbian': 'sr', 'sesotho': 'st', 'shona': 'sn', 'sindhi': 'sd', 'sinhala': 'si', 'slovak': 'sk', 'slovenian': 'sl', 'somali': 'so', 'spanish': 'es', 'sundanese': 'su', 'swahili': 'sw', 'swedish': 'sv', 'tajik': 'tg', 'tamil': 'ta', 'tatar': 'tt', 'telugu': 'te', 'thai': 'th', 'tigrinya': 'ti', 'tsonga': 'ts', 'turkish': 'tr', 'turkmen': 'tk', 'twi': 'ak', 'ukrainian': 'uk', 'urdu': 'ur', 'uyghur': 'ug', 'uzbek': 'uz', 'vietnamese': 'vi', 'welsh': 'cy', 'xhosa': 'xh', 'yiddish': 'yi', 'yoruba': 'yo', 'zulu': 'zu'} | LanguageNotSupportedException: tsh --> No support for the provided language.
Please select on of the supported languages:
{'afrikaans': 'af', 'albanian': 'sq', 'amharic': 'am', 'arabic': 'ar', 'armenian': 'hy', 'assamese': 'as', 'aymara': 'ay', 'azerbaijani': 'az', 'bambara': 'bm', 'basque': 'eu', 'belarusian': 'be', 'bengali': 'bn', 'bhojpuri': 'bho', 'bosnian': 'bs', 'bulgarian': 'bg', 'catalan': 'ca', 'cebuano': 'ceb', 'chichewa': 'ny', 'chinese (simplified)': 'zh-CN', 'chinese (traditional)': 'zh-TW', 'corsican': 'co', 'croatian': 'hr', 'czech': 'cs', 'danish': 'da', 'dhivehi': 'dv', 'dogri': 'doi', 'dutch': 'nl', 'english': 'en', 'esperanto': 'eo', 'estonian': 'et', 'ewe': 'ee', 'filipino': 'tl', 'finnish': 'fi', 'french': 'fr', 'frisian': 'fy', 'galician': 'gl', 'georgian': 'ka', 'german': 'de', 'greek': 'el', 'guarani': 'gn', 'gujarati': 'gu', 'haitian creole': 'ht', 'hausa': 'ha', 'hawaiian': 'haw', 'hebrew': 'iw', 'hindi': 'hi', 'hmong': 'hmn', 'hungarian': 'hu', 'icelandic': 'is', 'igbo': 'ig', 'ilocano': 'ilo', 'indonesian': 'id', 'irish': 'ga', 'italian': 'it', 'japanese': 'ja', 'javanese': 'jw', 'kannada': 'kn', 'kazakh': 'kk', 'khmer': 'km', 'kinyarwanda': 'rw', 'konkani': 'gom', 'korean': 'ko', 'krio': 'kri', 'kurdish (kurmanji)': 'ku', 'kurdish (sorani)': 'ckb', 'kyrgyz': 'ky', 'lao': 'lo', 'latin': 'la', 'latvian': 'lv', 'lingala': 'ln', 'lithuanian': 'lt', 'luganda': 'lg', 'luxembourgish': 'lb', 'macedonian': 'mk', 'maithili': 'mai', 'malagasy': 'mg', 'malay': 'ms', 'malayalam': 'ml', 'maltese': 'mt', 'maori': 'mi', 'marathi': 'mr', 'meiteilon (manipuri)': 'mni-Mtei', 'mizo': 'lus', 'mongolian': 'mn', 'myanmar': 'my', 'nepali': 'ne', 'norwegian': 'no', 'odia (oriya)': 'or', 'oromo': 'om', 'pashto': 'ps', 'persian': 'fa', 'polish': 'pl', 'portuguese': 'pt', 'punjabi': 'pa', 'quechua': 'qu', 'romanian': 'ro', 'russian': 'ru', 'samoan': 'sm', 'sanskrit': 'sa', 'scots gaelic': 'gd', 'sepedi': 'nso', 'serbian': 'sr', 'sesotho': 'st', 'shona': 'sn', 'sindhi': 'sd', 'sinhala': 'si', 'slovak': 'sk', 'slovenian': 'sl', 'somali': 'so', 'spanish': 'es', 'sundanese': 'su', 'swahili': 'sw', 'swedish': 'sv', 'tajik': 'tg', 'tamil': 'ta', 'tatar': 'tt', 'telugu': 'te', 'thai': 'th', 'tigrinya': 'ti', 'tsonga': 'ts', 'turkish': 'tr', 'turkmen': 'tk', 'twi': 'ak', 'ukrainian': 'uk', 'urdu': 'ur', 'uyghur': 'ug', 'uzbek': 'uz', 'vietnamese': 'vi', 'welsh': 'cy', 'xhosa': 'xh', 'yiddish': 'yi', 'yoruba': 'yo', 'zulu': 'zu'} | LanguageNotSupportedException: lu --> No support for the provided language.
Please select on of the supported languages:
{'afrikaans': 'af', 'albanian': 'sq', 'amharic': 'am', 'arabic': 'ar', 'armenian': 'hy', 'assamese': 'as', 'aymara': 'ay', 'azerbaijani': 'az', 'bambara': 'bm', 'basque': 'eu', 'belarusian': 'be', 'bengali': 'bn', 'bhojpuri': 'bho', 'bosnian': 'bs', 'bulgarian': 'bg', 'catalan': 'ca', 'cebuano': 'ceb', 'chichewa': 'ny', 'chinese (simplified)': 'zh-CN', 'chinese (traditional)': 'zh-TW', 'corsican': 'co', 'croatian': 'hr', 'czech': 'cs', 'danish': 'da', 'dhivehi': 'dv', 'dogri': 'doi', 'dutch': 'nl', 'english': 'en', 'esperanto': 'eo', 'estonian': 'et', 'ewe': 'ee', 'filipino': 'tl', 'finnish': 'fi', 'french': 'fr', 'frisian': 'fy', 'galician': 'gl', 'georgian': 'ka', 'german': 'de', 'greek': 'el', 'guarani': 'gn', 'gujarati': 'gu', 'haitian creole': 'ht', 'hausa': 'ha', 'hawaiian': 'haw', 'hebrew': 'iw', 'hindi': 'hi', 'hmong': 'hmn', 'hungarian': 'hu', 'icelandic': 'is', 'igbo': 'ig', 'ilocano': 'ilo', 'indonesian': 'id', 'irish': 'ga', 'italian': 'it', 'japanese': 'ja', 'javanese': 'jw', 'kannada': 'kn', 'kazakh': 'kk', 'khmer': 'km', 'kinyarwanda': 'rw', 'konkani': 'gom', 'korean': 'ko', 'krio': 'kri', 'kurdish (kurmanji)': 'ku', 'kurdish (sorani)': 'ckb', 'kyrgyz': 'ky', 'lao': 'lo', 'latin': 'la', 'latvian': 'lv', 'lingala': 'ln', 'lithuanian': 'lt', 'luganda': 'lg', 'luxembourgish': 'lb', 'macedonian': 'mk', 'maithili': 'mai', 'malagasy': 'mg', 'malay': 'ms', 'malayalam': 'ml', 'maltese': 'mt', 'maori': 'mi', 'marathi': 'mr', 'meiteilon (manipuri)': 'mni-Mtei', 'mizo': 'lus', 'mongolian': 'mn', 'myanmar': 'my', 'nepali': 'ne', 'norwegian': 'no', 'odia (oriya)': 'or', 'oromo': 'om', 'pashto': 'ps', 'persian': 'fa', 'polish': 'pl', 'portuguese': 'pt', 'punjabi': 'pa', 'quechua': 'qu', 'romanian': 'ro', 'russian': 'ru', 'samoan': 'sm', 'sanskrit': 'sa', 'scots gaelic': 'gd', 'sepedi': 'nso', 'serbian': 'sr', 'sesotho': 'st', 'shona': 'sn', 'sindhi': 'sd', 'sinhala': 'si', 'slovak': 'sk', 'slovenian': 'sl', 'somali': 'so', 'spanish': 'es', 'sundanese': 'su', 'swahili': 'sw', 'swedish': 'sv', 'tajik': 'tg', 'tamil': 'ta', 'tatar': 'tt', 'telugu': 'te', 'thai': 'th', 'tigrinya': 'ti', 'tsonga': 'ts', 'turkish': 'tr', 'turkmen': 'tk', 'twi': 'ak', 'ukrainian': 'uk', 'urdu': 'ur', 'uyghur': 'ug', 'uzbek': 'uz', 'vietnamese': 'vi', 'welsh': 'cy', 'xhosa': 'xh', 'yiddish': 'yi', 'yoruba': 'yo', 'zulu': 'zu'} | LanguageNotSupportedException: lu --> No support for the provided language.
Please select on of the supported languages:
{'afrikaans': 'af', 'albanian': 'sq', 'amharic': 'am', 'arabic': 'ar', 'armenian': 'hy', 'assamese': 'as', 'aymara': 'ay', 'azerbaijani': 'az', 'bambara': 'bm', 'basque': 'eu', 'belarusian': 'be', 'bengali': 'bn', 'bhojpuri': 'bho', 'bosnian': 'bs', 'bulgarian': 'bg', 'catalan': 'ca', 'cebuano': 'ceb', 'chichewa': 'ny', 'chinese (simplified)': 'zh-CN', 'chinese (traditional)': 'zh-TW', 'corsican': 'co', 'croatian': 'hr', 'czech': 'cs', 'danish': 'da', 'dhivehi': 'dv', 'dogri': 'doi', 'dutch': 'nl', 'english': 'en', 'esperanto': 'eo', 'estonian': 'et', 'ewe': 'ee', 'filipino': 'tl', 'finnish': 'fi', 'french': 'fr', 'frisian': 'fy', 'galician': 'gl', 'georgian': 'ka', 'german': 'de', 'greek': 'el', 'guarani': 'gn', 'gujarati': 'gu', 'haitian creole': 'ht', 'hausa': 'ha', 'hawaiian': 'haw', 'hebrew': 'iw', 'hindi': 'hi', 'hmong': 'hmn', 'hungarian': 'hu', 'icelandic': 'is', 'igbo': 'ig', 'ilocano': 'ilo', 'indonesian': 'id', 'irish': 'ga', 'italian': 'it', 'japanese': 'ja', 'javanese': 'jw', 'kannada': 'kn', 'kazakh': 'kk', 'khmer': 'km', 'kinyarwanda': 'rw', 'konkani': 'gom', 'korean': 'ko', 'krio': 'kri', 'kurdish (kurmanji)': 'ku', 'kurdish (sorani)': 'ckb', 'kyrgyz': 'ky', 'lao': 'lo', 'latin': 'la', 'latvian': 'lv', 'lingala': 'ln', 'lithuanian': 'lt', 'luganda': 'lg', 'luxembourgish': 'lb', 'macedonian': 'mk', 'maithili': 'mai', 'malagasy': 'mg', 'malay': 'ms', 'malayalam': 'ml', 'maltese': 'mt', 'maori': 'mi', 'marathi': 'mr', 'meiteilon (manipuri)': 'mni-Mtei', 'mizo': 'lus', 'mongolian': 'mn', 'myanmar': 'my', 'nepali': 'ne', 'norwegian': 'no', 'odia (oriya)': 'or', 'oromo': 'om', 'pashto': 'ps', 'persian': 'fa', 'polish': 'pl', 'portuguese': 'pt', 'punjabi': 'pa', 'quechua': 'qu', 'romanian': 'ro', 'russian': 'ru', 'samoan': 'sm', 'sanskrit': 'sa', 'scots gaelic': 'gd', 'sepedi': 'nso', 'serbian': 'sr', 'sesotho': 'st', 'shona': 'sn', 'sindhi': 'sd', 'sinhala': 'si', 'slovak': 'sk', 'slovenian': 'sl', 'somali': 'so', 'spanish': 'es', 'sundanese': 'su', 'swahili': 'sw', 'swedish': 'sv', 'tajik': 'tg', 'tamil': 'ta', 'tatar': 'tt', 'telugu': 'te', 'thai': 'th', 'tigrinya': 'ti', 'tsonga': 'ts', 'turkish': 'tr', 'turkmen': 'tk', 'twi': 'ak', 'ukrainian': 'uk', 'urdu': 'ur', 'uyghur': 'ug', 'uzbek': 'uz', 'vietnamese': 'vi', 'welsh': 'cy', 'xhosa': 'xh', 'yiddish': 'yi', 'yoruba': 'yo', 'zulu': 'zu'}",8,mwana,0.8,legacy_supported,current_paper_expanded_6632:518;original_frenchyluba_6963:524,"Two lexicon rows map Ciluba 'mwana' to French 'enfant' / English 'child', which corresponds to the target meaning 'children' (note: entries show singular form).",mwana,gpt_frenchyluba_assisted,gpt_lexicon_assisted_provisional
C004,yekuroja,code_attempt:lua;code_attempt:tsh;code_attempt:lu,,,unsupported_or_failed,"LanguageNotSupportedException: lua --> No support for the provided language.
Please select on of the supported languages:
{'afrikaans': 'af', 'albanian': 'sq', 'amharic': 'am', 'arabic': 'ar', 'armenian': 'hy', 'assamese': 'as', 'aymara': 'ay', 'azerbaijani': 'az', 'bambara': 'bm', 'basque': 'eu', 'belarusian': 'be', 'bengali': 'bn', 'bhojpuri': 'bho', 'bosnian': 'bs', 'bulgarian': 'bg', 'catalan': 'ca', 'cebuano': 'ceb', 'chichewa': 'ny', 'chinese (simplified)': 'zh-CN', 'chinese (traditional)': 'zh-TW', 'corsican': 'co', 'croatian': 'hr', 'czech': 'cs', 'danish': 'da', 'dhivehi': 'dv', 'dogri': 'doi', 'dutch': 'nl', 'english': 'en', 'esperanto': 'eo', 'estonian': 'et', 'ewe': 'ee', 'filipino': 'tl', 'finnish': 'fi', 'french': 'fr', 'frisian': 'fy', 'galician': 'gl', 'georgian': 'ka', 'german': 'de', 'greek': 'el', 'guarani': 'gn', 'gujarati': 'gu', 'haitian creole': 'ht', 'hausa': 'ha', 'hawaiian': 'haw', 'hebrew': 'iw', 'hindi': 'hi', 'hmong': 'hmn', 'hungarian': 'hu', 'icelandic': 'is', 'igbo': 'ig', 'ilocano': 'ilo', 'indonesian': 'id', 'irish': 'ga', 'italian': 'it', 'japanese': 'ja', 'javanese': 'jw', 'kannada': 'kn', 'kazakh': 'kk', 'khmer': 'km', 'kinyarwanda': 'rw', 'konkani': 'gom', 'korean': 'ko', 'krio': 'kri', 'kurdish (kurmanji)': 'ku', 'kurdish (sorani)': 'ckb', 'kyrgyz': 'ky', 'lao': 'lo', 'latin': 'la', 'latvian': 'lv', 'lingala': 'ln', 'lithuanian': 'lt', 'luganda': 'lg', 'luxembourgish': 'lb', 'macedonian': 'mk', 'maithili': 'mai', 'malagasy': 'mg', 'malay': 'ms', 'malayalam': 'ml', 'maltese': 'mt', 'maori': 'mi', 'marathi': 'mr', 'meiteilon (manipuri)': 'mni-Mtei', 'mizo': 'lus', 'mongolian': 'mn', 'myanmar': 'my', 'nepali': 'ne', 'norwegian': 'no', 'odia (oriya)': 'or', 'oromo': 'om', 'pashto': 'ps', 'persian': 'fa', 'polish': 'pl', 'portuguese': 'pt', 'punjabi': 'pa', 'quechua': 'qu', 'romanian': 'ro', 'russian': 'ru', 'samoan': 'sm', 'sanskrit': 'sa', 'scots gaelic': 'gd', 'sepedi': 'nso', 'serbian': 'sr', 'sesotho': 'st', 'shona': 'sn', 'sindhi': 'sd', 'sinhala': 'si', 'slovak': 'sk', 'slovenian': 'sl', 'somali': 'so', 'spanish': 'es', 'sundanese': 'su', 'swahili': 'sw', 'swedish': 'sv', 'tajik': 'tg', 'tamil': 'ta', 'tatar': 'tt', 'telugu': 'te', 'thai': 'th', 'tigrinya': 'ti', 'tsonga': 'ts', 'turkish': 'tr', 'turkmen': 'tk', 'twi': 'ak', 'ukrainian': 'uk', 'urdu': 'ur', 'uyghur': 'ug', 'uzbek': 'uz', 'vietnamese': 'vi', 'welsh': 'cy', 'xhosa': 'xh', 'yiddish': 'yi', 'yoruba': 'yo', 'zulu': 'zu'} | LanguageNotSupportedException: lua --> No support for the provided language.
Please select on of the supported languages:
{'afrikaans': 'af', 'albanian': 'sq', 'amharic': 'am', 'arabic': 'ar', 'armenian': 'hy', 'assamese': 'as', 'aymara': 'ay', 'azerbaijani': 'az', 'bambara': 'bm', 'basque': 'eu', 'belarusian': 'be', 'bengali': 'bn', 'bhojpuri': 'bho', 'bosnian': 'bs', 'bulgarian': 'bg', 'catalan': 'ca', 'cebuano': 'ceb', 'chichewa': 'ny', 'chinese (simplified)': 'zh-CN', 'chinese (traditional)': 'zh-TW', 'corsican': 'co', 'croatian': 'hr', 'czech': 'cs', 'danish': 'da', 'dhivehi': 'dv', 'dogri': 'doi', 'dutch': 'nl', 'english': 'en', 'esperanto': 'eo', 'estonian': 'et', 'ewe': 'ee', 'filipino': 'tl', 'finnish': 'fi', 'french': 'fr', 'frisian': 'fy', 'galician': 'gl', 'georgian': 'ka', 'german': 'de', 'greek': 'el', 'guarani': 'gn', 'gujarati': 'gu', 'haitian creole': 'ht', 'hausa': 'ha', 'hawaiian': 'haw', 'hebrew': 'iw', 'hindi': 'hi', 'hmong': 'hmn', 'hungarian': 'hu', 'icelandic': 'is', 'igbo': 'ig', 'ilocano': 'ilo', 'indonesian': 'id', 'irish': 'ga', 'italian': 'it', 'japanese': 'ja', 'javanese': 'jw', 'kannada': 'kn', 'kazakh': 'kk', 'khmer': 'km', 'kinyarwanda': 'rw', 'konkani': 'gom', 'korean': 'ko', 'krio': 'kri', 'kurdish (kurmanji)': 'ku', 'kurdish (sorani)': 'ckb', 'kyrgyz': 'ky', 'lao': 'lo', 'latin': 'la', 'latvian': 'lv', 'lingala': 'ln', 'lithuanian': 'lt', 'luganda': 'lg', 'luxembourgish': 'lb', 'macedonian': 'mk', 'maithili': 'mai', 'malagasy': 'mg', 'malay': 'ms', 'malayalam': 'ml', 'maltese': 'mt', 'maori': 'mi', 'marathi': 'mr', 'meiteilon (manipuri)': 'mni-Mtei', 'mizo': 'lus', 'mongolian': 'mn', 'myanmar': 'my', 'nepali': 'ne', 'norwegian': 'no', 'odia (oriya)': 'or', 'oromo': 'om', 'pashto': 'ps', 'persian': 'fa', 'polish': 'pl', 'portuguese': 'pt', 'punjabi': 'pa', 'quechua': 'qu', 'romanian': 'ro', 'russian': 'ru', 'samoan': 'sm', 'sanskrit': 'sa', 'scots gaelic': 'gd', 'sepedi': 'nso', 'serbian': 'sr', 'sesotho': 'st', 'shona': 'sn', 'sindhi': 'sd', 'sinhala': 'si', 'slovak': 'sk', 'slovenian': 'sl', 'somali': 'so', 'spanish': 'es', 'sundanese': 'su', 'swahili': 'sw', 'swedish': 'sv', 'tajik': 'tg', 'tamil': 'ta', 'tatar': 'tt', 'telugu': 'te', 'thai': 'th', 'tigrinya': 'ti', 'tsonga': 'ts', 'turkish': 'tr', 'turkmen': 'tk', 'twi': 'ak', 'ukrainian': 'uk', 'urdu': 'ur', 'uyghur': 'ug', 'uzbek': 'uz', 'vietnamese': 'vi', 'welsh': 'cy', 'xhosa': 'xh', 'yiddish': 'yi', 'yoruba': 'yo', 'zulu': 'zu'} | LanguageNotSupportedException: tsh --> No support for the provided language.
Please select on of the supported languages:
{'afrikaans': 'af', 'albanian': 'sq', 'amharic': 'am', 'arabic': 'ar', 'armenian': 'hy', 'assamese': 'as', 'aymara': 'ay', 'azerbaijani': 'az', 'bambara': 'bm', 'basque': 'eu', 'belarusian': 'be', 'bengali': 'bn', 'bhojpuri': 'bho', 'bosnian': 'bs', 'bulgarian': 'bg', 'catalan': 'ca', 'cebuano': 'ceb', 'chichewa': 'ny', 'chinese (simplified)': 'zh-CN', 'chinese (traditional)': 'zh-TW', 'corsican': 'co', 'croatian': 'hr', 'czech': 'cs', 'danish': 'da', 'dhivehi': 'dv', 'dogri': 'doi', 'dutch': 'nl', 'english': 'en', 'esperanto': 'eo', 'estonian': 'et', 'ewe': 'ee', 'filipino': 'tl', 'finnish': 'fi', 'french': 'fr', 'frisian': 'fy', 'galician': 'gl', 'georgian': 'ka', 'german': 'de', 'greek': 'el', 'guarani': 'gn', 'gujarati': 'gu', 'haitian creole': 'ht', 'hausa': 'ha', 'hawaiian': 'haw', 'hebrew': 'iw', 'hindi': 'hi', 'hmong': 'hmn', 'hungarian': 'hu', 'icelandic': 'is', 'igbo': 'ig', 'ilocano': 'ilo', 'indonesian': 'id', 'irish': 'ga', 'italian': 'it', 'japanese': 'ja', 'javanese': 'jw', 'kannada': 'kn', 'kazakh': 'kk', 'khmer': 'km', 'kinyarwanda': 'rw', 'konkani': 'gom', 'korean': 'ko', 'krio': 'kri', 'kurdish (kurmanji)': 'ku', 'kurdish (sorani)': 'ckb', 'kyrgyz': 'ky', 'lao': 'lo', 'latin': 'la', 'latvian': 'lv', 'lingala': 'ln', 'lithuanian': 'lt', 'luganda': 'lg', 'luxembourgish': 'lb', 'macedonian': 'mk', 'maithili': 'mai', 'malagasy': 'mg', 'malay': 'ms', 'malayalam': 'ml', 'maltese': 'mt', 'maori': 'mi', 'marathi': 'mr', 'meiteilon (manipuri)': 'mni-Mtei', 'mizo': 'lus', 'mongolian': 'mn', 'myanmar': 'my', 'nepali': 'ne', 'norwegian': 'no', 'odia (oriya)': 'or', 'oromo': 'om', 'pashto': 'ps', 'persian': 'fa', 'polish': 'pl', 'portuguese': 'pt', 'punjabi': 'pa', 'quechua': 'qu', 'romanian': 'ro', 'russian': 'ru', 'samoan': 'sm', 'sanskrit': 'sa', 'scots gaelic': 'gd', 'sepedi': 'nso', 'serbian': 'sr', 'sesotho': 'st', 'shona': 'sn', 'sindhi': 'sd', 'sinhala': 'si', 'slovak': 'sk', 'slovenian': 'sl', 'somali': 'so', 'spanish': 'es', 'sundanese': 'su', 'swahili': 'sw', 'swedish': 'sv', 'tajik': 'tg', 'tamil': 'ta', 'tatar': 'tt', 'telugu': 'te', 'thai': 'th', 'tigrinya': 'ti', 'tsonga': 'ts', 'turkish': 'tr', 'turkmen': 'tk', 'twi': 'ak', 'ukrainian': 'uk', 'urdu': 'ur', 'uyghur': 'ug', 'uzbek': 'uz', 'vietnamese': 'vi', 'welsh': 'cy', 'xhosa': 'xh', 'yiddish': 'yi', 'yoruba': 'yo', 'zulu': 'zu'} | LanguageNotSupportedException: tsh --> No support for the provided language.
Please select on of the supported languages:
{'afrikaans': 'af', 'albanian': 'sq', 'amharic': 'am', 'arabic': 'ar', 'armenian': 'hy', 'assamese': 'as', 'aymara': 'ay', 'azerbaijani': 'az', 'bambara': 'bm', 'basque': 'eu', 'belarusian': 'be', 'bengali': 'bn', 'bhojpuri': 'bho', 'bosnian': 'bs', 'bulgarian': 'bg', 'catalan': 'ca', 'cebuano': 'ceb', 'chichewa': 'ny', 'chinese (simplified)': 'zh-CN', 'chinese (traditional)': 'zh-TW', 'corsican': 'co', 'croatian': 'hr', 'czech': 'cs', 'danish': 'da', 'dhivehi': 'dv', 'dogri': 'doi', 'dutch': 'nl', 'english': 'en', 'esperanto': 'eo', 'estonian': 'et', 'ewe': 'ee', 'filipino': 'tl', 'finnish': 'fi', 'french': 'fr', 'frisian': 'fy', 'galician': 'gl', 'georgian': 'ka', 'german': 'de', 'greek': 'el', 'guarani': 'gn', 'gujarati': 'gu', 'haitian creole': 'ht', 'hausa': 'ha', 'hawaiian': 'haw', 'hebrew': 'iw', 'hindi': 'hi', 'hmong': 'hmn', 'hungarian': 'hu', 'icelandic': 'is', 'igbo': 'ig', 'ilocano': 'ilo', 'indonesian': 'id', 'irish': 'ga', 'italian': 'it', 'japanese': 'ja', 'javanese': 'jw', 'kannada': 'kn', 'kazakh': 'kk', 'khmer': 'km', 'kinyarwanda': 'rw', 'konkani': 'gom', 'korean': 'ko', 'krio': 'kri', 'kurdish (kurmanji)': 'ku', 'kurdish (sorani)': 'ckb', 'kyrgyz': 'ky', 'lao': 'lo', 'latin': 'la', 'latvian': 'lv', 'lingala': 'ln', 'lithuanian': 'lt', 'luganda': 'lg', 'luxembourgish': 'lb', 'macedonian': 'mk', 'maithili': 'mai', 'malagasy': 'mg', 'malay': 'ms', 'malayalam': 'ml', 'maltese': 'mt', 'maori': 'mi', 'marathi': 'mr', 'meiteilon (manipuri)': 'mni-Mtei', 'mizo': 'lus', 'mongolian': 'mn', 'myanmar': 'my', 'nepali': 'ne', 'norwegian': 'no', 'odia (oriya)': 'or', 'oromo': 'om', 'pashto': 'ps', 'persian': 'fa', 'polish': 'pl', 'portuguese': 'pt', 'punjabi': 'pa', 'quechua': 'qu', 'romanian': 'ro', 'russian': 'ru', 'samoan': 'sm', 'sanskrit': 'sa', 'scots gaelic': 'gd', 'sepedi': 'nso', 'serbian': 'sr', 'sesotho': 'st', 'shona': 'sn', 'sindhi': 'sd', 'sinhala': 'si', 'slovak': 'sk', 'slovenian': 'sl', 'somali': 'so', 'spanish': 'es', 'sundanese': 'su', 'swahili': 'sw', 'swedish': 'sv', 'tajik': 'tg', 'tamil': 'ta', 'tatar': 'tt', 'telugu': 'te', 'thai': 'th', 'tigrinya': 'ti', 'tsonga': 'ts', 'turkish': 'tr', 'turkmen': 'tk', 'twi': 'ak', 'ukrainian': 'uk', 'urdu': 'ur', 'uyghur': 'ug', 'uzbek': 'uz', 'vietnamese': 'vi', 'welsh': 'cy', 'xhosa': 'xh', 'yiddish': 'yi', 'yoruba': 'yo', 'zulu': 'zu'} | LanguageNotSupportedException: lu --> No support for the provided language.
Please select on of the supported languages:
{'afrikaans': 'af', 'albanian': 'sq', 'amharic': 'am', 'arabic': 'ar', 'armenian': 'hy', 'assamese': 'as', 'aymara': 'ay', 'azerbaijani': 'az', 'bambara': 'bm', 'basque': 'eu', 'belarusian': 'be', 'bengali': 'bn', 'bhojpuri': 'bho', 'bosnian': 'bs', 'bulgarian': 'bg', 'catalan': 'ca', 'cebuano': 'ceb', 'chichewa': 'ny', 'chinese (simplified)': 'zh-CN', 'chinese (traditional)': 'zh-TW', 'corsican': 'co', 'croatian': 'hr', 'czech': 'cs', 'danish': 'da', 'dhivehi': 'dv', 'dogri': 'doi', 'dutch': 'nl', 'english': 'en', 'esperanto': 'eo', 'estonian': 'et', 'ewe': 'ee', 'filipino': 'tl', 'finnish': 'fi', 'french': 'fr', 'frisian': 'fy', 'galician': 'gl', 'georgian': 'ka', 'german': 'de', 'greek': 'el', 'guarani': 'gn', 'gujarati': 'gu', 'haitian creole': 'ht', 'hausa': 'ha', 'hawaiian': 'haw', 'hebrew': 'iw', 'hindi': 'hi', 'hmong': 'hmn', 'hungarian': 'hu', 'icelandic': 'is', 'igbo': 'ig', 'ilocano': 'ilo', 'indonesian': 'id', 'irish': 'ga', 'italian': 'it', 'japanese': 'ja', 'javanese': 'jw', 'kannada': 'kn', 'kazakh': 'kk', 'khmer': 'km', 'kinyarwanda': 'rw', 'konkani': 'gom', 'korean': 'ko', 'krio': 'kri', 'kurdish (kurmanji)': 'ku', 'kurdish (sorani)': 'ckb', 'kyrgyz': 'ky', 'lao': 'lo', 'latin': 'la', 'latvian': 'lv', 'lingala': 'ln', 'lithuanian': 'lt', 'luganda': 'lg', 'luxembourgish': 'lb', 'macedonian': 'mk', 'maithili': 'mai', 'malagasy': 'mg', 'malay': 'ms', 'malayalam': 'ml', 'maltese': 'mt', 'maori': 'mi', 'marathi': 'mr', 'meiteilon (manipuri)': 'mni-Mtei', 'mizo': 'lus', 'mongolian': 'mn', 'myanmar': 'my', 'nepali': 'ne', 'norwegian': 'no', 'odia (oriya)': 'or', 'oromo': 'om', 'pashto': 'ps', 'persian': 'fa', 'polish': 'pl', 'portuguese': 'pt', 'punjabi': 'pa', 'quechua': 'qu', 'romanian': 'ro', 'russian': 'ru', 'samoan': 'sm', 'sanskrit': 'sa', 'scots gaelic': 'gd', 'sepedi': 'nso', 'serbian': 'sr', 'sesotho': 'st', 'shona': 'sn', 'sindhi': 'sd', 'sinhala': 'si', 'slovak': 'sk', 'slovenian': 'sl', 'somali': 'so', 'spanish': 'es', 'sundanese': 'su', 'swahili': 'sw', 'swedish': 'sv', 'tajik': 'tg', 'tamil': 'ta', 'tatar': 'tt', 'telugu': 'te', 'thai': 'th', 'tigrinya': 'ti', 'tsonga': 'ts', 'turkish': 'tr', 'turkmen': 'tk', 'twi': 'ak', 'ukrainian': 'uk', 'urdu': 'ur', 'uyghur': 'ug', 'uzbek': 'uz', 'vietnamese': 'vi', 'welsh': 'cy', 'xhosa': 'xh', 'yiddish': 'yi', 'yoruba': 'yo', 'zulu': 'zu'} | LanguageNotSupportedException: lu --> No support for the provided language.
Please select on of the supported languages:
{'afrikaans': 'af', 'albanian': 'sq', 'amharic': 'am', 'arabic': 'ar', 'armenian': 'hy', 'assamese': 'as', 'aymara': 'ay', 'azerbaijani': 'az', 'bambara': 'bm', 'basque': 'eu', 'belarusian': 'be', 'bengali': 'bn', 'bhojpuri': 'bho', 'bosnian': 'bs', 'bulgarian': 'bg', 'catalan': 'ca', 'cebuano': 'ceb', 'chichewa': 'ny', 'chinese (simplified)': 'zh-CN', 'chinese (traditional)': 'zh-TW', 'corsican': 'co', 'croatian': 'hr', 'czech': 'cs', 'danish': 'da', 'dhivehi': 'dv', 'dogri': 'doi', 'dutch': 'nl', 'english': 'en', 'esperanto': 'eo', 'estonian': 'et', 'ewe': 'ee', 'filipino': 'tl', 'finnish': 'fi', 'french': 'fr', 'frisian': 'fy', 'galician': 'gl', 'georgian': 'ka', 'german': 'de', 'greek': 'el', 'guarani': 'gn', 'gujarati': 'gu', 'haitian creole': 'ht', 'hausa': 'ha', 'hawaiian': 'haw', 'hebrew': 'iw', 'hindi': 'hi', 'hmong': 'hmn', 'hungarian': 'hu', 'icelandic': 'is', 'igbo': 'ig', 'ilocano': 'ilo', 'indonesian': 'id', 'irish': 'ga', 'italian': 'it', 'japanese': 'ja', 'javanese': 'jw', 'kannada': 'kn', 'kazakh': 'kk', 'khmer': 'km', 'kinyarwanda': 'rw', 'konkani': 'gom', 'korean': 'ko', 'krio': 'kri', 'kurdish (kurmanji)': 'ku', 'kurdish (sorani)': 'ckb', 'kyrgyz': 'ky', 'lao': 'lo', 'latin': 'la', 'latvian': 'lv', 'lingala': 'ln', 'lithuanian': 'lt', 'luganda': 'lg', 'luxembourgish': 'lb', 'macedonian': 'mk', 'maithili': 'mai', 'malagasy': 'mg', 'malay': 'ms', 'malayalam': 'ml', 'maltese': 'mt', 'maori': 'mi', 'marathi': 'mr', 'meiteilon (manipuri)': 'mni-Mtei', 'mizo': 'lus', 'mongolian': 'mn', 'myanmar': 'my', 'nepali': 'ne', 'norwegian': 'no', 'odia (oriya)': 'or', 'oromo': 'om', 'pashto': 'ps', 'persian': 'fa', 'polish': 'pl', 'portuguese': 'pt', 'punjabi': 'pa', 'quechua': 'qu', 'romanian': 'ro', 'russian': 'ru', 'samoan': 'sm', 'sanskrit': 'sa', 'scots gaelic': 'gd', 'sepedi': 'nso', 'serbian': 'sr', 'sesotho': 'st', 'shona': 'sn', 'sindhi': 'sd', 'sinhala': 'si', 'slovak': 'sk', 'slovenian': 'sl', 'somali': 'so', 'spanish': 'es', 'sundanese': 'su', 'swahili': 'sw', 'swedish': 'sv', 'tajik': 'tg', 'tamil': 'ta', 'tatar': 'tt', 'telugu': 'te', 'thai': 'th', 'tigrinya': 'ti', 'tsonga': 'ts', 'turkish': 'tr', 'turkmen': 'tk', 'twi': 'ak', 'ukrainian': 'uk', 'urdu': 'ur', 'uyghur': 'ug', 'uzbek': 'uz', 'vietnamese': 'vi', 'welsh': 'cy', 'xhosa': 'xh', 'yiddish': 'yi', 'yoruba': 'yo', 'zulu': 'zu'}",8,Kutumbisha,0.95,legacy_supported,current_paper_expanded_6632:179;current_paper_expanded_6632:654;current_paper_expanded_6632:2058;original_frenchyluba_6963:179;original_frenchyluba_6963:660,Multiple entries in the provided French–Luba resources map French 'louer/à louer' (to rent) to 'Kutumbisha'.,Kutumbisha,gpt_frenchyluba_assisted,gpt_lexicon_assisted_provisional
C006,yekurara,code_attempt:lua;code_attempt:tsh;code_attempt:lu,,,unsupported_or_failed,"LanguageNotSupportedException: lua --> No support for the provided language.
Please select on of the supported languages:
{'afrikaans': 'af', 'albanian': 'sq', 'amharic': 'am', 'arabic': 'ar', 'armenian': 'hy', 'assamese': 'as', 'aymara': 'ay', 'azerbaijani': 'az', 'bambara': 'bm', 'basque': 'eu', 'belarusian': 'be', 'bengali': 'bn', 'bhojpuri': 'bho', 'bosnian': 'bs', 'bulgarian': 'bg', 'catalan': 'ca', 'cebuano': 'ceb', 'chichewa': 'ny', 'chinese (simplified)': 'zh-CN', 'chinese (traditional)': 'zh-TW', 'corsican': 'co', 'croatian': 'hr', 'czech': 'cs', 'danish': 'da', 'dhivehi': 'dv', 'dogri': 'doi', 'dutch': 'nl', 'english': 'en', 'esperanto': 'eo', 'estonian': 'et', 'ewe': 'ee', 'filipino': 'tl', 'finnish': 'fi', 'french': 'fr', 'frisian': 'fy', 'galician': 'gl', 'georgian': 'ka', 'german': 'de', 'greek': 'el', 'guarani': 'gn', 'gujarati': 'gu', 'haitian creole': 'ht', 'hausa': 'ha', 'hawaiian': 'haw', 'hebrew': 'iw', 'hindi': 'hi', 'hmong': 'hmn', 'hungarian': 'hu', 'icelandic': 'is', 'igbo': 'ig', 'ilocano': 'ilo', 'indonesian': 'id', 'irish': 'ga', 'italian': 'it', 'japanese': 'ja', 'javanese': 'jw', 'kannada': 'kn', 'kazakh': 'kk', 'khmer': 'km', 'kinyarwanda': 'rw', 'konkani': 'gom', 'korean': 'ko', 'krio': 'kri', 'kurdish (kurmanji)': 'ku', 'kurdish (sorani)': 'ckb', 'kyrgyz': 'ky', 'lao': 'lo', 'latin': 'la', 'latvian': 'lv', 'lingala': 'ln', 'lithuanian': 'lt', 'luganda': 'lg', 'luxembourgish': 'lb', 'macedonian': 'mk', 'maithili': 'mai', 'malagasy': 'mg', 'malay': 'ms', 'malayalam': 'ml', 'maltese': 'mt', 'maori': 'mi', 'marathi': 'mr', 'meiteilon (manipuri)': 'mni-Mtei', 'mizo': 'lus', 'mongolian': 'mn', 'myanmar': 'my', 'nepali': 'ne', 'norwegian': 'no', 'odia (oriya)': 'or', 'oromo': 'om', 'pashto': 'ps', 'persian': 'fa', 'polish': 'pl', 'portuguese': 'pt', 'punjabi': 'pa', 'quechua': 'qu', 'romanian': 'ro', 'russian': 'ru', 'samoan': 'sm', 'sanskrit': 'sa', 'scots gaelic': 'gd', 'sepedi': 'nso', 'serbian': 'sr', 'sesotho': 'st', 'shona': 'sn', 'sindhi': 'sd', 'sinhala': 'si', 'slovak': 'sk', 'slovenian': 'sl', 'somali': 'so', 'spanish': 'es', 'sundanese': 'su', 'swahili': 'sw', 'swedish': 'sv', 'tajik': 'tg', 'tamil': 'ta', 'tatar': 'tt', 'telugu': 'te', 'thai': 'th', 'tigrinya': 'ti', 'tsonga': 'ts', 'turkish': 'tr', 'turkmen': 'tk', 'twi': 'ak', 'ukrainian': 'uk', 'urdu': 'ur', 'uyghur': 'ug', 'uzbek': 'uz', 'vietnamese': 'vi', 'welsh': 'cy', 'xhosa': 'xh', 'yiddish': 'yi', 'yoruba': 'yo', 'zulu': 'zu'} | LanguageNotSupportedException: lua --> No support for the provided language.
Please select on of the supported languages:
{'afrikaans': 'af', 'albanian': 'sq', 'amharic': 'am', 'arabic': 'ar', 'armenian': 'hy', 'assamese': 'as', 'aymara': 'ay', 'azerbaijani': 'az', 'bambara': 'bm', 'basque': 'eu', 'belarusian': 'be', 'bengali': 'bn', 'bhojpuri': 'bho', 'bosnian': 'bs', 'bulgarian': 'bg', 'catalan': 'ca', 'cebuano': 'ceb', 'chichewa': 'ny', 'chinese (simplified)': 'zh-CN', 'chinese (traditional)': 'zh-TW', 'corsican': 'co', 'croatian': 'hr', 'czech': 'cs', 'danish': 'da', 'dhivehi': 'dv', 'dogri': 'doi', 'dutch': 'nl', 'english': 'en', 'esperanto': 'eo', 'estonian': 'et', 'ewe': 'ee', 'filipino': 'tl', 'finnish': 'fi', 'french': 'fr', 'frisian': 'fy', 'galician': 'gl', 'georgian': 'ka', 'german': 'de', 'greek': 'el', 'guarani': 'gn', 'gujarati': 'gu', 'haitian creole': 'ht', 'hausa': 'ha', 'hawaiian': 'haw', 'hebrew': 'iw', 'hindi': 'hi', 'hmong': 'hmn', 'hungarian': 'hu', 'icelandic': 'is', 'igbo': 'ig', 'ilocano': 'ilo', 'indonesian': 'id', 'irish': 'ga', 'italian': 'it', 'japanese': 'ja', 'javanese': 'jw', 'kannada': 'kn', 'kazakh': 'kk', 'khmer': 'km', 'kinyarwanda': 'rw', 'konkani': 'gom', 'korean': 'ko', 'krio': 'kri', 'kurdish (kurmanji)': 'ku', 'kurdish (sorani)': 'ckb', 'kyrgyz': 'ky', 'lao': 'lo', 'latin': 'la', 'latvian': 'lv', 'lingala': 'ln', 'lithuanian': 'lt', 'luganda': 'lg', 'luxembourgish': 'lb', 'macedonian': 'mk', 'maithili': 'mai', 'malagasy': 'mg', 'malay': 'ms', 'malayalam': 'ml', 'maltese': 'mt', 'maori': 'mi', 'marathi': 'mr', 'meiteilon (manipuri)': 'mni-Mtei', 'mizo': 'lus', 'mongolian': 'mn', 'myanmar': 'my', 'nepali': 'ne', 'norwegian': 'no', 'odia (oriya)': 'or', 'oromo': 'om', 'pashto': 'ps', 'persian': 'fa', 'polish': 'pl', 'portuguese': 'pt', 'punjabi': 'pa', 'quechua': 'qu', 'romanian': 'ro', 'russian': 'ru', 'samoan': 'sm', 'sanskrit': 'sa', 'scots gaelic': 'gd', 'sepedi': 'nso', 'serbian': 'sr', 'sesotho': 'st', 'shona': 'sn', 'sindhi': 'sd', 'sinhala': 'si', 'slovak': 'sk', 'slovenian': 'sl', 'somali': 'so', 'spanish': 'es', 'sundanese': 'su', 'swahili': 'sw', 'swedish': 'sv', 'tajik': 'tg', 'tamil': 'ta', 'tatar': 'tt', 'telugu': 'te', 'thai': 'th', 'tigrinya': 'ti', 'tsonga': 'ts', 'turkish': 'tr', 'turkmen': 'tk', 'twi': 'ak', 'ukrainian': 'uk', 'urdu': 'ur', 'uyghur': 'ug', 'uzbek': 'uz', 'vietnamese': 'vi', 'welsh': 'cy', 'xhosa': 'xh', 'yiddish': 'yi', 'yoruba': 'yo', 'zulu': 'zu'} | LanguageNotSupportedException: tsh --> No support for the provided language.
Please select on of the supported languages:
{'afrikaans': 'af', 'albanian': 'sq', 'amharic': 'am', 'arabic': 'ar', 'armenian': 'hy', 'assamese': 'as', 'aymara': 'ay', 'azerbaijani': 'az', 'bambara': 'bm', 'basque': 'eu', 'belarusian': 'be', 'bengali': 'bn', 'bhojpuri': 'bho', 'bosnian': 'bs', 'bulgarian': 'bg', 'catalan': 'ca', 'cebuano': 'ceb', 'chichewa': 'ny', 'chinese (simplified)': 'zh-CN', 'chinese (traditional)': 'zh-TW', 'corsican': 'co', 'croatian': 'hr', 'czech': 'cs', 'danish': 'da', 'dhivehi': 'dv', 'dogri': 'doi', 'dutch': 'nl', 'english': 'en', 'esperanto': 'eo', 'estonian': 'et', 'ewe': 'ee', 'filipino': 'tl', 'finnish': 'fi', 'french': 'fr', 'frisian': 'fy', 'galician': 'gl', 'georgian': 'ka', 'german': 'de', 'greek': 'el', 'guarani': 'gn', 'gujarati': 'gu', 'haitian creole': 'ht', 'hausa': 'ha', 'hawaiian': 'haw', 'hebrew': 'iw', 'hindi': 'hi', 'hmong': 'hmn', 'hungarian': 'hu', 'icelandic': 'is', 'igbo': 'ig', 'ilocano': 'ilo', 'indonesian': 'id', 'irish': 'ga', 'italian': 'it', 'japanese': 'ja', 'javanese': 'jw', 'kannada': 'kn', 'kazakh': 'kk', 'khmer': 'km', 'kinyarwanda': 'rw', 'konkani': 'gom', 'korean': 'ko', 'krio': 'kri', 'kurdish (kurmanji)': 'ku', 'kurdish (sorani)': 'ckb', 'kyrgyz': 'ky', 'lao': 'lo', 'latin': 'la', 'latvian': 'lv', 'lingala': 'ln', 'lithuanian': 'lt', 'luganda': 'lg', 'luxembourgish': 'lb', 'macedonian': 'mk', 'maithili': 'mai', 'malagasy': 'mg', 'malay': 'ms', 'malayalam': 'ml', 'maltese': 'mt', 'maori': 'mi', 'marathi': 'mr', 'meiteilon (manipuri)': 'mni-Mtei', 'mizo': 'lus', 'mongolian': 'mn', 'myanmar': 'my', 'nepali': 'ne', 'norwegian': 'no', 'odia (oriya)': 'or', 'oromo': 'om', 'pashto': 'ps', 'persian': 'fa', 'polish': 'pl', 'portuguese': 'pt', 'punjabi': 'pa', 'quechua': 'qu', 'romanian': 'ro', 'russian': 'ru', 'samoan': 'sm', 'sanskrit': 'sa', 'scots gaelic': 'gd', 'sepedi': 'nso', 'serbian': 'sr', 'sesotho': 'st', 'shona': 'sn', 'sindhi': 'sd', 'sinhala': 'si', 'slovak': 'sk', 'slovenian': 'sl', 'somali': 'so', 'spanish': 'es', 'sundanese': 'su', 'swahili': 'sw', 'swedish': 'sv', 'tajik': 'tg', 'tamil': 'ta', 'tatar': 'tt', 'telugu': 'te', 'thai': 'th', 'tigrinya': 'ti', 'tsonga': 'ts', 'turkish': 'tr', 'turkmen': 'tk', 'twi': 'ak', 'ukrainian': 'uk', 'urdu': 'ur', 'uyghur': 'ug', 'uzbek': 'uz', 'vietnamese': 'vi', 'welsh': 'cy', 'xhosa': 'xh', 'yiddish': 'yi', 'yoruba': 'yo', 'zulu': 'zu'} | LanguageNotSupportedException: tsh --> No support for the provided language.
Please select on of the supported languages:
{'afrikaans': 'af', 'albanian': 'sq', 'amharic': 'am', 'arabic': 'ar', 'armenian': 'hy', 'assamese': 'as', 'aymara': 'ay', 'azerbaijani': 'az', 'bambara': 'bm', 'basque': 'eu', 'belarusian': 'be', 'bengali': 'bn', 'bhojpuri': 'bho', 'bosnian': 'bs', 'bulgarian': 'bg', 'catalan': 'ca', 'cebuano': 'ceb', 'chichewa': 'ny', 'chinese (simplified)': 'zh-CN', 'chinese (traditional)': 'zh-TW', 'corsican': 'co', 'croatian': 'hr', 'czech': 'cs', 'danish': 'da', 'dhivehi': 'dv', 'dogri': 'doi', 'dutch': 'nl', 'english': 'en', 'esperanto': 'eo', 'estonian': 'et', 'ewe': 'ee', 'filipino': 'tl', 'finnish': 'fi', 'french': 'fr', 'frisian': 'fy', 'galician': 'gl', 'georgian': 'ka', 'german': 'de', 'greek': 'el', 'guarani': 'gn', 'gujarati': 'gu', 'haitian creole': 'ht', 'hausa': 'ha', 'hawaiian': 'haw', 'hebrew': 'iw', 'hindi': 'hi', 'hmong': 'hmn', 'hungarian': 'hu', 'icelandic': 'is', 'igbo': 'ig', 'ilocano': 'ilo', 'indonesian': 'id', 'irish': 'ga', 'italian': 'it', 'japanese': 'ja', 'javanese': 'jw', 'kannada': 'kn', 'kazakh': 'kk', 'khmer': 'km', 'kinyarwanda': 'rw', 'konkani': 'gom', 'korean': 'ko', 'krio': 'kri', 'kurdish (kurmanji)': 'ku', 'kurdish (sorani)': 'ckb', 'kyrgyz': 'ky', 'lao': 'lo', 'latin': 'la', 'latvian': 'lv', 'lingala': 'ln', 'lithuanian': 'lt', 'luganda': 'lg', 'luxembourgish': 'lb', 'macedonian': 'mk', 'maithili': 'mai', 'malagasy': 'mg', 'malay': 'ms', 'malayalam': 'ml', 'maltese': 'mt', 'maori': 'mi', 'marathi': 'mr', 'meiteilon (manipuri)': 'mni-Mtei', 'mizo': 'lus', 'mongolian': 'mn', 'myanmar': 'my', 'nepali': 'ne', 'norwegian': 'no', 'odia (oriya)': 'or', 'oromo': 'om', 'pashto': 'ps', 'persian': 'fa', 'polish': 'pl', 'portuguese': 'pt', 'punjabi': 'pa', 'quechua': 'qu', 'romanian': 'ro', 'russian': 'ru', 'samoan': 'sm', 'sanskrit': 'sa', 'scots gaelic': 'gd', 'sepedi': 'nso', 'serbian': 'sr', 'sesotho': 'st', 'shona': 'sn', 'sindhi': 'sd', 'sinhala': 'si', 'slovak': 'sk', 'slovenian': 'sl', 'somali': 'so', 'spanish': 'es', 'sundanese': 'su', 'swahili': 'sw', 'swedish': 'sv', 'tajik': 'tg', 'tamil': 'ta', 'tatar': 'tt', 'telugu': 'te', 'thai': 'th', 'tigrinya': 'ti', 'tsonga': 'ts', 'turkish': 'tr', 'turkmen': 'tk', 'twi': 'ak', 'ukrainian': 'uk', 'urdu': 'ur', 'uyghur': 'ug', 'uzbek': 'uz', 'vietnamese': 'vi', 'welsh': 'cy', 'xhosa': 'xh', 'yiddish': 'yi', 'yoruba': 'yo', 'zulu': 'zu'} | LanguageNotSupportedException: lu --> No support for the provided language.
Please select on of the supported languages:
{'afrikaans': 'af', 'albanian': 'sq', 'amharic': 'am', 'arabic': 'ar', 'armenian': 'hy', 'assamese': 'as', 'aymara': 'ay', 'azerbaijani': 'az', 'bambara': 'bm', 'basque': 'eu', 'belarusian': 'be', 'bengali': 'bn', 'bhojpuri': 'bho', 'bosnian': 'bs', 'bulgarian': 'bg', 'catalan': 'ca', 'cebuano': 'ceb', 'chichewa': 'ny', 'chinese (simplified)': 'zh-CN', 'chinese (traditional)': 'zh-TW', 'corsican': 'co', 'croatian': 'hr', 'czech': 'cs', 'danish': 'da', 'dhivehi': 'dv', 'dogri': 'doi', 'dutch': 'nl', 'english': 'en', 'esperanto': 'eo', 'estonian': 'et', 'ewe': 'ee', 'filipino': 'tl', 'finnish': 'fi', 'french': 'fr', 'frisian': 'fy', 'galician': 'gl', 'georgian': 'ka', 'german': 'de', 'greek': 'el', 'guarani': 'gn', 'gujarati': 'gu', 'haitian creole': 'ht', 'hausa': 'ha', 'hawaiian': 'haw', 'hebrew': 'iw', 'hindi': 'hi', 'hmong': 'hmn', 'hungarian': 'hu', 'icelandic': 'is', 'igbo': 'ig', 'ilocano': 'ilo', 'indonesian': 'id', 'irish': 'ga', 'italian': 'it', 'japanese': 'ja', 'javanese': 'jw', 'kannada': 'kn', 'kazakh': 'kk', 'khmer': 'km', 'kinyarwanda': 'rw', 'konkani': 'gom', 'korean': 'ko', 'krio': 'kri', 'kurdish (kurmanji)': 'ku', 'kurdish (sorani)': 'ckb', 'kyrgyz': 'ky', 'lao': 'lo', 'latin': 'la', 'latvian': 'lv', 'lingala': 'ln', 'lithuanian': 'lt', 'luganda': 'lg', 'luxembourgish': 'lb', 'macedonian': 'mk', 'maithili': 'mai', 'malagasy': 'mg', 'malay': 'ms', 'malayalam': 'ml', 'maltese': 'mt', 'maori': 'mi', 'marathi': 'mr', 'meiteilon (manipuri)': 'mni-Mtei', 'mizo': 'lus', 'mongolian': 'mn', 'myanmar': 'my', 'nepali': 'ne', 'norwegian': 'no', 'odia (oriya)': 'or', 'oromo': 'om', 'pashto': 'ps', 'persian': 'fa', 'polish': 'pl', 'portuguese': 'pt', 'punjabi': 'pa', 'quechua': 'qu', 'romanian': 'ro', 'russian': 'ru', 'samoan': 'sm', 'sanskrit': 'sa', 'scots gaelic': 'gd', 'sepedi': 'nso', 'serbian': 'sr', 'sesotho': 'st', 'shona': 'sn', 'sindhi': 'sd', 'sinhala': 'si', 'slovak': 'sk', 'slovenian': 'sl', 'somali': 'so', 'spanish': 'es', 'sundanese': 'su', 'swahili': 'sw', 'swedish': 'sv', 'tajik': 'tg', 'tamil': 'ta', 'tatar': 'tt', 'telugu': 'te', 'thai': 'th', 'tigrinya': 'ti', 'tsonga': 'ts', 'turkish': 'tr', 'turkmen': 'tk', 'twi': 'ak', 'ukrainian': 'uk', 'urdu': 'ur', 'uyghur': 'ug', 'uzbek': 'uz', 'vietnamese': 'vi', 'welsh': 'cy', 'xhosa': 'xh', 'yiddish': 'yi', 'yoruba': 'yo', 'zulu': 'zu'} | LanguageNotSupportedException: lu --> No support for the provided language.
Please select on of the supported languages:
{'afrikaans': 'af', 'albanian': 'sq', 'amharic': 'am', 'arabic': 'ar', 'armenian': 'hy', 'assamese': 'as', 'aymara': 'ay', 'azerbaijani': 'az', 'bambara': 'bm', 'basque': 'eu', 'belarusian': 'be', 'bengali': 'bn', 'bhojpuri': 'bho', 'bosnian': 'bs', 'bulgarian': 'bg', 'catalan': 'ca', 'cebuano': 'ceb', 'chichewa': 'ny', 'chinese (simplified)': 'zh-CN', 'chinese (traditional)': 'zh-TW', 'corsican': 'co', 'croatian': 'hr', 'czech': 'cs', 'danish': 'da', 'dhivehi': 'dv', 'dogri': 'doi', 'dutch': 'nl', 'english': 'en', 'esperanto': 'eo', 'estonian': 'et', 'ewe': 'ee', 'filipino': 'tl', 'finnish': 'fi', 'french': 'fr', 'frisian': 'fy', 'galician': 'gl', 'georgian': 'ka', 'german': 'de', 'greek': 'el', 'guarani': 'gn', 'gujarati': 'gu', 'haitian creole': 'ht', 'hausa': 'ha', 'hawaiian': 'haw', 'hebrew': 'iw', 'hindi': 'hi', 'hmong': 'hmn', 'hungarian': 'hu', 'icelandic': 'is', 'igbo': 'ig', 'ilocano': 'ilo', 'indonesian': 'id', 'irish': 'ga', 'italian': 'it', 'japanese': 'ja', 'javanese': 'jw', 'kannada': 'kn', 'kazakh': 'kk', 'khmer': 'km', 'kinyarwanda': 'rw', 'konkani': 'gom', 'korean': 'ko', 'krio': 'kri', 'kurdish (kurmanji)': 'ku', 'kurdish (sorani)': 'ckb', 'kyrgyz': 'ky', 'lao': 'lo', 'latin': 'la', 'latvian': 'lv', 'lingala': 'ln', 'lithuanian': 'lt', 'luganda': 'lg', 'luxembourgish': 'lb', 'macedonian': 'mk', 'maithili': 'mai', 'malagasy': 'mg', 'malay': 'ms', 'malayalam': 'ml', 'maltese': 'mt', 'maori': 'mi', 'marathi': 'mr', 'meiteilon (manipuri)': 'mni-Mtei', 'mizo': 'lus', 'mongolian': 'mn', 'myanmar': 'my', 'nepali': 'ne', 'norwegian': 'no', 'odia (oriya)': 'or', 'oromo': 'om', 'pashto': 'ps', 'persian': 'fa', 'polish': 'pl', 'portuguese': 'pt', 'punjabi': 'pa', 'quechua': 'qu', 'romanian': 'ro', 'russian': 'ru', 'samoan': 'sm', 'sanskrit': 'sa', 'scots gaelic': 'gd', 'sepedi': 'nso', 'serbian': 'sr', 'sesotho': 'st', 'shona': 'sn', 'sindhi': 'sd', 'sinhala': 'si', 'slovak': 'sk', 'slovenian': 'sl', 'somali': 'so', 'spanish': 'es', 'sundanese': 'su', 'swahili': 'sw', 'swedish': 'sv', 'tajik': 'tg', 'tamil': 'ta', 'tatar': 'tt', 'telugu': 'te', 'thai': 'th', 'tigrinya': 'ti', 'tsonga': 'ts', 'turkish': 'tr', 'turkmen': 'tk', 'twi': 'ak', 'ukrainian': 'uk', 'urdu': 'ur', 'uyghur': 'ug', 'uzbek': 'uz', 'vietnamese': 'vi', 'welsh': 'cy', 'xhosa': 'xh', 'yiddish': 'yi', 'yoruba': 'yo', 'zulu': 'zu'}",8,kulala,1.0,legacy_supported,current_paper_expanded_6632:3743;current_paper_expanded_6632:69;current_paper_expanded_6632:417;current_paper_expanded_6632:505;current_paper_expanded_6632:1508;current_paper_expanded_6632:1713;current_paper_expanded_6632:2661;current_paper_expanded_6632:2735,Multiple legacy lexicon entries map 'to sleep'/'dormir' to Ciluba 'kulala' with 100% similarity.,kulala,gpt_frenchyluba_assisted,gpt_lexicon_assisted_provisional
C007,kutengeswa,code_attempt:lua;code_attempt:tsh;code_attempt:lu,,,unsupported_or_failed,"LanguageNotSupportedException: lua --> No support for the provided language.
Please select on of the supported languages:
{'afrikaans': 'af', 'albanian': 'sq', 'amharic': 'am', 'arabic': 'ar', 'armenian': 'hy', 'assamese': 'as', 'aymara': 'ay', 'azerbaijani': 'az', 'bambara': 'bm', 'basque': 'eu', 'belarusian': 'be', 'bengali': 'bn', 'bhojpuri': 'bho', 'bosnian': 'bs', 'bulgarian': 'bg', 'catalan': 'ca', 'cebuano': 'ceb', 'chichewa': 'ny', 'chinese (simplified)': 'zh-CN', 'chinese (traditional)': 'zh-TW', 'corsican': 'co', 'croatian': 'hr', 'czech': 'cs', 'danish': 'da', 'dhivehi': 'dv', 'dogri': 'doi', 'dutch': 'nl', 'english': 'en', 'esperanto': 'eo', 'estonian': 'et', 'ewe': 'ee', 'filipino': 'tl', 'finnish': 'fi', 'french': 'fr', 'frisian': 'fy', 'galician': 'gl', 'georgian': 'ka', 'german': 'de', 'greek': 'el', 'guarani': 'gn', 'gujarati': 'gu', 'haitian creole': 'ht', 'hausa': 'ha', 'hawaiian': 'haw', 'hebrew': 'iw', 'hindi': 'hi', 'hmong': 'hmn', 'hungarian': 'hu', 'icelandic': 'is', 'igbo': 'ig', 'ilocano': 'ilo', 'indonesian': 'id', 'irish': 'ga', 'italian': 'it', 'japanese': 'ja', 'javanese': 'jw', 'kannada': 'kn', 'kazakh': 'kk', 'khmer': 'km', 'kinyarwanda': 'rw', 'konkani': 'gom', 'korean': 'ko', 'krio': 'kri', 'kurdish (kurmanji)': 'ku', 'kurdish (sorani)': 'ckb', 'kyrgyz': 'ky', 'lao': 'lo', 'latin': 'la', 'latvian': 'lv', 'lingala': 'ln', 'lithuanian': 'lt', 'luganda': 'lg', 'luxembourgish': 'lb', 'macedonian': 'mk', 'maithili': 'mai', 'malagasy': 'mg', 'malay': 'ms', 'malayalam': 'ml', 'maltese': 'mt', 'maori': 'mi', 'marathi': 'mr', 'meiteilon (manipuri)': 'mni-Mtei', 'mizo': 'lus', 'mongolian': 'mn', 'myanmar': 'my', 'nepali': 'ne', 'norwegian': 'no', 'odia (oriya)': 'or', 'oromo': 'om', 'pashto': 'ps', 'persian': 'fa', 'polish': 'pl', 'portuguese': 'pt', 'punjabi': 'pa', 'quechua': 'qu', 'romanian': 'ro', 'russian': 'ru', 'samoan': 'sm', 'sanskrit': 'sa', 'scots gaelic': 'gd', 'sepedi': 'nso', 'serbian': 'sr', 'sesotho': 'st', 'shona': 'sn', 'sindhi': 'sd', 'sinhala': 'si', 'slovak': 'sk', 'slovenian': 'sl', 'somali': 'so', 'spanish': 'es', 'sundanese': 'su', 'swahili': 'sw', 'swedish': 'sv', 'tajik': 'tg', 'tamil': 'ta', 'tatar': 'tt', 'telugu': 'te', 'thai': 'th', 'tigrinya': 'ti', 'tsonga': 'ts', 'turkish': 'tr', 'turkmen': 'tk', 'twi': 'ak', 'ukrainian': 'uk', 'urdu': 'ur', 'uyghur': 'ug', 'uzbek': 'uz', 'vietnamese': 'vi', 'welsh': 'cy', 'xhosa': 'xh', 'yiddish': 'yi', 'yoruba': 'yo', 'zulu': 'zu'} | LanguageNotSupportedException: lua --> No support for the provided language.
Please select on of the supported languages:
{'afrikaans': 'af', 'albanian': 'sq', 'amharic': 'am', 'arabic': 'ar', 'armenian': 'hy', 'assamese': 'as', 'aymara': 'ay', 'azerbaijani': 'az', 'bambara': 'bm', 'basque': 'eu', 'belarusian': 'be', 'bengali': 'bn', 'bhojpuri': 'bho', 'bosnian': 'bs', 'bulgarian': 'bg', 'catalan': 'ca', 'cebuano': 'ceb', 'chichewa': 'ny', 'chinese (simplified)': 'zh-CN', 'chinese (traditional)': 'zh-TW', 'corsican': 'co', 'croatian': 'hr', 'czech': 'cs', 'danish': 'da', 'dhivehi': 'dv', 'dogri': 'doi', 'dutch': 'nl', 'english': 'en', 'esperanto': 'eo', 'estonian': 'et', 'ewe': 'ee', 'filipino': 'tl', 'finnish': 'fi', 'french': 'fr', 'frisian': 'fy', 'galician': 'gl', 'georgian': 'ka', 'german': 'de', 'greek': 'el', 'guarani': 'gn', 'gujarati': 'gu', 'haitian creole': 'ht', 'hausa': 'ha', 'hawaiian': 'haw', 'hebrew': 'iw', 'hindi': 'hi', 'hmong': 'hmn', 'hungarian': 'hu', 'icelandic': 'is', 'igbo': 'ig', 'ilocano': 'ilo', 'indonesian': 'id', 'irish': 'ga', 'italian': 'it', 'japanese': 'ja', 'javanese': 'jw', 'kannada': 'kn', 'kazakh': 'kk', 'khmer': 'km', 'kinyarwanda': 'rw', 'konkani': 'gom', 'korean': 'ko', 'krio': 'kri', 'kurdish (kurmanji)': 'ku', 'kurdish (sorani)': 'ckb', 'kyrgyz': 'ky', 'lao': 'lo', 'latin': 'la', 'latvian': 'lv', 'lingala': 'ln', 'lithuanian': 'lt', 'luganda': 'lg', 'luxembourgish': 'lb', 'macedonian': 'mk', 'maithili': 'mai', 'malagasy': 'mg', 'malay': 'ms', 'malayalam': 'ml', 'maltese': 'mt', 'maori': 'mi', 'marathi': 'mr', 'meiteilon (manipuri)': 'mni-Mtei', 'mizo': 'lus', 'mongolian': 'mn', 'myanmar': 'my', 'nepali': 'ne', 'norwegian': 'no', 'odia (oriya)': 'or', 'oromo': 'om', 'pashto': 'ps', 'persian': 'fa', 'polish': 'pl', 'portuguese': 'pt', 'punjabi': 'pa', 'quechua': 'qu', 'romanian': 'ro', 'russian': 'ru', 'samoan': 'sm', 'sanskrit': 'sa', 'scots gaelic': 'gd', 'sepedi': 'nso', 'serbian': 'sr', 'sesotho': 'st', 'shona': 'sn', 'sindhi': 'sd', 'sinhala': 'si', 'slovak': 'sk', 'slovenian': 'sl', 'somali': 'so', 'spanish': 'es', 'sundanese': 'su', 'swahili': 'sw', 'swedish': 'sv', 'tajik': 'tg', 'tamil': 'ta', 'tatar': 'tt', 'telugu': 'te', 'thai': 'th', 'tigrinya': 'ti', 'tsonga': 'ts', 'turkish': 'tr', 'turkmen': 'tk', 'twi': 'ak', 'ukrainian': 'uk', 'urdu': 'ur', 'uyghur': 'ug', 'uzbek': 'uz', 'vietnamese': 'vi', 'welsh': 'cy', 'xhosa': 'xh', 'yiddish': 'yi', 'yoruba': 'yo', 'zulu': 'zu'} | LanguageNotSupportedException: tsh --> No support for the provided language.
Please select on of the supported languages:
{'afrikaans': 'af', 'albanian': 'sq', 'amharic': 'am', 'arabic': 'ar', 'armenian': 'hy', 'assamese': 'as', 'aymara': 'ay', 'azerbaijani': 'az', 'bambara': 'bm', 'basque': 'eu', 'belarusian': 'be', 'bengali': 'bn', 'bhojpuri': 'bho', 'bosnian': 'bs', 'bulgarian': 'bg', 'catalan': 'ca', 'cebuano': 'ceb', 'chichewa': 'ny', 'chinese (simplified)': 'zh-CN', 'chinese (traditional)': 'zh-TW', 'corsican': 'co', 'croatian': 'hr', 'czech': 'cs', 'danish': 'da', 'dhivehi': 'dv', 'dogri': 'doi', 'dutch': 'nl', 'english': 'en', 'esperanto': 'eo', 'estonian': 'et', 'ewe': 'ee', 'filipino': 'tl', 'finnish': 'fi', 'french': 'fr', 'frisian': 'fy', 'galician': 'gl', 'georgian': 'ka', 'german': 'de', 'greek': 'el', 'guarani': 'gn', 'gujarati': 'gu', 'haitian creole': 'ht', 'hausa': 'ha', 'hawaiian': 'haw', 'hebrew': 'iw', 'hindi': 'hi', 'hmong': 'hmn', 'hungarian': 'hu', 'icelandic': 'is', 'igbo': 'ig', 'ilocano': 'ilo', 'indonesian': 'id', 'irish': 'ga', 'italian': 'it', 'japanese': 'ja', 'javanese': 'jw', 'kannada': 'kn', 'kazakh': 'kk', 'khmer': 'km', 'kinyarwanda': 'rw', 'konkani': 'gom', 'korean': 'ko', 'krio': 'kri', 'kurdish (kurmanji)': 'ku', 'kurdish (sorani)': 'ckb', 'kyrgyz': 'ky', 'lao': 'lo', 'latin': 'la', 'latvian': 'lv', 'lingala': 'ln', 'lithuanian': 'lt', 'luganda': 'lg', 'luxembourgish': 'lb', 'macedonian': 'mk', 'maithili': 'mai', 'malagasy': 'mg', 'malay': 'ms', 'malayalam': 'ml', 'maltese': 'mt', 'maori': 'mi', 'marathi': 'mr', 'meiteilon (manipuri)': 'mni-Mtei', 'mizo': 'lus', 'mongolian': 'mn', 'myanmar': 'my', 'nepali': 'ne', 'norwegian': 'no', 'odia (oriya)': 'or', 'oromo': 'om', 'pashto': 'ps', 'persian': 'fa', 'polish': 'pl', 'portuguese': 'pt', 'punjabi': 'pa', 'quechua': 'qu', 'romanian': 'ro', 'russian': 'ru', 'samoan': 'sm', 'sanskrit': 'sa', 'scots gaelic': 'gd', 'sepedi': 'nso', 'serbian': 'sr', 'sesotho': 'st', 'shona': 'sn', 'sindhi': 'sd', 'sinhala': 'si', 'slovak': 'sk', 'slovenian': 'sl', 'somali': 'so', 'spanish': 'es', 'sundanese': 'su', 'swahili': 'sw', 'swedish': 'sv', 'tajik': 'tg', 'tamil': 'ta', 'tatar': 'tt', 'telugu': 'te', 'thai': 'th', 'tigrinya': 'ti', 'tsonga': 'ts', 'turkish': 'tr', 'turkmen': 'tk', 'twi': 'ak', 'ukrainian': 'uk', 'urdu': 'ur', 'uyghur': 'ug', 'uzbek': 'uz', 'vietnamese': 'vi', 'welsh': 'cy', 'xhosa': 'xh', 'yiddish': 'yi', 'yoruba': 'yo', 'zulu': 'zu'} | LanguageNotSupportedException: tsh --> No support for the provided language.
Please select on of the supported languages:
{'afrikaans': 'af', 'albanian': 'sq', 'amharic': 'am', 'arabic': 'ar', 'armenian': 'hy', 'assamese': 'as', 'aymara': 'ay', 'azerbaijani': 'az', 'bambara': 'bm', 'basque': 'eu', 'belarusian': 'be', 'bengali': 'bn', 'bhojpuri': 'bho', 'bosnian': 'bs', 'bulgarian': 'bg', 'catalan': 'ca', 'cebuano': 'ceb', 'chichewa': 'ny', 'chinese (simplified)': 'zh-CN', 'chinese (traditional)': 'zh-TW', 'corsican': 'co', 'croatian': 'hr', 'czech': 'cs', 'danish': 'da', 'dhivehi': 'dv', 'dogri': 'doi', 'dutch': 'nl', 'english': 'en', 'esperanto': 'eo', 'estonian': 'et', 'ewe': 'ee', 'filipino': 'tl', 'finnish': 'fi', 'french': 'fr', 'frisian': 'fy', 'galician': 'gl', 'georgian': 'ka', 'german': 'de', 'greek': 'el', 'guarani': 'gn', 'gujarati': 'gu', 'haitian creole': 'ht', 'hausa': 'ha', 'hawaiian': 'haw', 'hebrew': 'iw', 'hindi': 'hi', 'hmong': 'hmn', 'hungarian': 'hu', 'icelandic': 'is', 'igbo': 'ig', 'ilocano': 'ilo', 'indonesian': 'id', 'irish': 'ga', 'italian': 'it', 'japanese': 'ja', 'javanese': 'jw', 'kannada': 'kn', 'kazakh': 'kk', 'khmer': 'km', 'kinyarwanda': 'rw', 'konkani': 'gom', 'korean': 'ko', 'krio': 'kri', 'kurdish (kurmanji)': 'ku', 'kurdish (sorani)': 'ckb', 'kyrgyz': 'ky', 'lao': 'lo', 'latin': 'la', 'latvian': 'lv', 'lingala': 'ln', 'lithuanian': 'lt', 'luganda': 'lg', 'luxembourgish': 'lb', 'macedonian': 'mk', 'maithili': 'mai', 'malagasy': 'mg', 'malay': 'ms', 'malayalam': 'ml', 'maltese': 'mt', 'maori': 'mi', 'marathi': 'mr', 'meiteilon (manipuri)': 'mni-Mtei', 'mizo': 'lus', 'mongolian': 'mn', 'myanmar': 'my', 'nepali': 'ne', 'norwegian': 'no', 'odia (oriya)': 'or', 'oromo': 'om', 'pashto': 'ps', 'persian': 'fa', 'polish': 'pl', 'portuguese': 'pt', 'punjabi': 'pa', 'quechua': 'qu', 'romanian': 'ro', 'russian': 'ru', 'samoan': 'sm', 'sanskrit': 'sa', 'scots gaelic': 'gd', 'sepedi': 'nso', 'serbian': 'sr', 'sesotho': 'st', 'shona': 'sn', 'sindhi': 'sd', 'sinhala': 'si', 'slovak': 'sk', 'slovenian': 'sl', 'somali': 'so', 'spanish': 'es', 'sundanese': 'su', 'swahili': 'sw', 'swedish': 'sv', 'tajik': 'tg', 'tamil': 'ta', 'tatar': 'tt', 'telugu': 'te', 'thai': 'th', 'tigrinya': 'ti', 'tsonga': 'ts', 'turkish': 'tr', 'turkmen': 'tk', 'twi': 'ak', 'ukrainian': 'uk', 'urdu': 'ur', 'uyghur': 'ug', 'uzbek': 'uz', 'vietnamese': 'vi', 'welsh': 'cy', 'xhosa': 'xh', 'yiddish': 'yi', 'yoruba': 'yo', 'zulu': 'zu'} | LanguageNotSupportedException: lu --> No support for the provided language.
Please select on of the supported languages:
{'afrikaans': 'af', 'albanian': 'sq', 'amharic': 'am', 'arabic': 'ar', 'armenian': 'hy', 'assamese': 'as', 'aymara': 'ay', 'azerbaijani': 'az', 'bambara': 'bm', 'basque': 'eu', 'belarusian': 'be', 'bengali': 'bn', 'bhojpuri': 'bho', 'bosnian': 'bs', 'bulgarian': 'bg', 'catalan': 'ca', 'cebuano': 'ceb', 'chichewa': 'ny', 'chinese (simplified)': 'zh-CN', 'chinese (traditional)': 'zh-TW', 'corsican': 'co', 'croatian': 'hr', 'czech': 'cs', 'danish': 'da', 'dhivehi': 'dv', 'dogri': 'doi', 'dutch': 'nl', 'english': 'en', 'esperanto': 'eo', 'estonian': 'et', 'ewe': 'ee', 'filipino': 'tl', 'finnish': 'fi', 'french': 'fr', 'frisian': 'fy', 'galician': 'gl', 'georgian': 'ka', 'german': 'de', 'greek': 'el', 'guarani': 'gn', 'gujarati': 'gu', 'haitian creole': 'ht', 'hausa': 'ha', 'hawaiian': 'haw', 'hebrew': 'iw', 'hindi': 'hi', 'hmong': 'hmn', 'hungarian': 'hu', 'icelandic': 'is', 'igbo': 'ig', 'ilocano': 'ilo', 'indonesian': 'id', 'irish': 'ga', 'italian': 'it', 'japanese': 'ja', 'javanese': 'jw', 'kannada': 'kn', 'kazakh': 'kk', 'khmer': 'km', 'kinyarwanda': 'rw', 'konkani': 'gom', 'korean': 'ko', 'krio': 'kri', 'kurdish (kurmanji)': 'ku', 'kurdish (sorani)': 'ckb', 'kyrgyz': 'ky', 'lao': 'lo', 'latin': 'la', 'latvian': 'lv', 'lingala': 'ln', 'lithuanian': 'lt', 'luganda': 'lg', 'luxembourgish': 'lb', 'macedonian': 'mk', 'maithili': 'mai', 'malagasy': 'mg', 'malay': 'ms', 'malayalam': 'ml', 'maltese': 'mt', 'maori': 'mi', 'marathi': 'mr', 'meiteilon (manipuri)': 'mni-Mtei', 'mizo': 'lus', 'mongolian': 'mn', 'myanmar': 'my', 'nepali': 'ne', 'norwegian': 'no', 'odia (oriya)': 'or', 'oromo': 'om', 'pashto': 'ps', 'persian': 'fa', 'polish': 'pl', 'portuguese': 'pt', 'punjabi': 'pa', 'quechua': 'qu', 'romanian': 'ro', 'russian': 'ru', 'samoan': 'sm', 'sanskrit': 'sa', 'scots gaelic': 'gd', 'sepedi': 'nso', 'serbian': 'sr', 'sesotho': 'st', 'shona': 'sn', 'sindhi': 'sd', 'sinhala': 'si', 'slovak': 'sk', 'slovenian': 'sl', 'somali': 'so', 'spanish': 'es', 'sundanese': 'su', 'swahili': 'sw', 'swedish': 'sv', 'tajik': 'tg', 'tamil': 'ta', 'tatar': 'tt', 'telugu': 'te', 'thai': 'th', 'tigrinya': 'ti', 'tsonga': 'ts', 'turkish': 'tr', 'turkmen': 'tk', 'twi': 'ak', 'ukrainian': 'uk', 'urdu': 'ur', 'uyghur': 'ug', 'uzbek': 'uz', 'vietnamese': 'vi', 'welsh': 'cy', 'xhosa': 'xh', 'yiddish': 'yi', 'yoruba': 'yo', 'zulu': 'zu'} | LanguageNotSupportedException: lu --> No support for the provided language.
Please select on of the supported languages:
{'afrikaans': 'af', 'albanian': 'sq', 'amharic': 'am', 'arabic': 'ar', 'armenian': 'hy', 'assamese': 'as', 'aymara': 'ay', 'azerbaijani': 'az', 'bambara': 'bm', 'basque': 'eu', 'belarusian': 'be', 'bengali': 'bn', 'bhojpuri': 'bho', 'bosnian': 'bs', 'bulgarian': 'bg', 'catalan': 'ca', 'cebuano': 'ceb', 'chichewa': 'ny', 'chinese (simplified)': 'zh-CN', 'chinese (traditional)': 'zh-TW', 'corsican': 'co', 'croatian': 'hr', 'czech': 'cs', 'danish': 'da', 'dhivehi': 'dv', 'dogri': 'doi', 'dutch': 'nl', 'english': 'en', 'esperanto': 'eo', 'estonian': 'et', 'ewe': 'ee', 'filipino': 'tl', 'finnish': 'fi', 'french': 'fr', 'frisian': 'fy', 'galician': 'gl', 'georgian': 'ka', 'german': 'de', 'greek': 'el', 'guarani': 'gn', 'gujarati': 'gu', 'haitian creole': 'ht', 'hausa': 'ha', 'hawaiian': 'haw', 'hebrew': 'iw', 'hindi': 'hi', 'hmong': 'hmn', 'hungarian': 'hu', 'icelandic': 'is', 'igbo': 'ig', 'ilocano': 'ilo', 'indonesian': 'id', 'irish': 'ga', 'italian': 'it', 'japanese': 'ja', 'javanese': 'jw', 'kannada': 'kn', 'kazakh': 'kk', 'khmer': 'km', 'kinyarwanda': 'rw', 'konkani': 'gom', 'korean': 'ko', 'krio': 'kri', 'kurdish (kurmanji)': 'ku', 'kurdish (sorani)': 'ckb', 'kyrgyz': 'ky', 'lao': 'lo', 'latin': 'la', 'latvian': 'lv', 'lingala': 'ln', 'lithuanian': 'lt', 'luganda': 'lg', 'luxembourgish': 'lb', 'macedonian': 'mk', 'maithili': 'mai', 'malagasy': 'mg', 'malay': 'ms', 'malayalam': 'ml', 'maltese': 'mt', 'maori': 'mi', 'marathi': 'mr', 'meiteilon (manipuri)': 'mni-Mtei', 'mizo': 'lus', 'mongolian': 'mn', 'myanmar': 'my', 'nepali': 'ne', 'norwegian': 'no', 'odia (oriya)': 'or', 'oromo': 'om', 'pashto': 'ps', 'persian': 'fa', 'polish': 'pl', 'portuguese': 'pt', 'punjabi': 'pa', 'quechua': 'qu', 'romanian': 'ro', 'russian': 'ru', 'samoan': 'sm', 'sanskrit': 'sa', 'scots gaelic': 'gd', 'sepedi': 'nso', 'serbian': 'sr', 'sesotho': 'st', 'shona': 'sn', 'sindhi': 'sd', 'sinhala': 'si', 'slovak': 'sk', 'slovenian': 'sl', 'somali': 'so', 'spanish': 'es', 'sundanese': 'su', 'swahili': 'sw', 'swedish': 'sv', 'tajik': 'tg', 'tamil': 'ta', 'tatar': 'tt', 'telugu': 'te', 'thai': 'th', 'tigrinya': 'ti', 'tsonga': 'ts', 'turkish': 'tr', 'turkmen': 'tk', 'twi': 'ak', 'ukrainian': 'uk', 'urdu': 'ur', 'uyghur': 'ug', 'uzbek': 'uz', 'vietnamese': 'vi', 'welsh': 'cy', 'xhosa': 'xh', 'yiddish': 'yi', 'yoruba': 'yo', 'zulu': 'zu'}",8,kupana,0.95,legacy_supported,current_paper_expanded_6632:864;original_frenchyluba_6963:876,Direct lexicon matches showing kupana ↔ vendre / sell (high similarity scores).,kupana,gpt_frenchyluba_assisted,gpt_lexicon_assisted_provisional
C008,ndinoda,code_attempt:lua;code_attempt:tsh;code_attempt:lu,,,unsupported_or_failed,"LanguageNotSupportedException: lua --> No support for the provided language.
Please select on of the supported languages:
{'afrikaans': 'af', 'albanian': 'sq', 'amharic': 'am', 'arabic': 'ar', 'armenian': 'hy', 'assamese': 'as', 'aymara': 'ay', 'azerbaijani': 'az', 'bambara': 'bm', 'basque': 'eu', 'belarusian': 'be', 'bengali': 'bn', 'bhojpuri': 'bho', 'bosnian': 'bs', 'bulgarian': 'bg', 'catalan': 'ca', 'cebuano': 'ceb', 'chichewa': 'ny', 'chinese (simplified)': 'zh-CN', 'chinese (traditional)': 'zh-TW', 'corsican': 'co', 'croatian': 'hr', 'czech': 'cs', 'danish': 'da', 'dhivehi': 'dv', 'dogri': 'doi', 'dutch': 'nl', 'english': 'en', 'esperanto': 'eo', 'estonian': 'et', 'ewe': 'ee', 'filipino': 'tl', 'finnish': 'fi', 'french': 'fr', 'frisian': 'fy', 'galician': 'gl', 'georgian': 'ka', 'german': 'de', 'greek': 'el', 'guarani': 'gn', 'gujarati': 'gu', 'haitian creole': 'ht', 'hausa': 'ha', 'hawaiian': 'haw', 'hebrew': 'iw', 'hindi': 'hi', 'hmong': 'hmn', 'hungarian': 'hu', 'icelandic': 'is', 'igbo': 'ig', 'ilocano': 'ilo', 'indonesian': 'id', 'irish': 'ga', 'italian': 'it', 'japanese': 'ja', 'javanese': 'jw', 'kannada': 'kn', 'kazakh': 'kk', 'khmer': 'km', 'kinyarwanda': 'rw', 'konkani': 'gom', 'korean': 'ko', 'krio': 'kri', 'kurdish (kurmanji)': 'ku', 'kurdish (sorani)': 'ckb', 'kyrgyz': 'ky', 'lao': 'lo', 'latin': 'la', 'latvian': 'lv', 'lingala': 'ln', 'lithuanian': 'lt', 'luganda': 'lg', 'luxembourgish': 'lb', 'macedonian': 'mk', 'maithili': 'mai', 'malagasy': 'mg', 'malay': 'ms', 'malayalam': 'ml', 'maltese': 'mt', 'maori': 'mi', 'marathi': 'mr', 'meiteilon (manipuri)': 'mni-Mtei', 'mizo': 'lus', 'mongolian': 'mn', 'myanmar': 'my', 'nepali': 'ne', 'norwegian': 'no', 'odia (oriya)': 'or', 'oromo': 'om', 'pashto': 'ps', 'persian': 'fa', 'polish': 'pl', 'portuguese': 'pt', 'punjabi': 'pa', 'quechua': 'qu', 'romanian': 'ro', 'russian': 'ru', 'samoan': 'sm', 'sanskrit': 'sa', 'scots gaelic': 'gd', 'sepedi': 'nso', 'serbian': 'sr', 'sesotho': 'st', 'shona': 'sn', 'sindhi': 'sd', 'sinhala': 'si', 'slovak': 'sk', 'slovenian': 'sl', 'somali': 'so', 'spanish': 'es', 'sundanese': 'su', 'swahili': 'sw', 'swedish': 'sv', 'tajik': 'tg', 'tamil': 'ta', 'tatar': 'tt', 'telugu': 'te', 'thai': 'th', 'tigrinya': 'ti', 'tsonga': 'ts', 'turkish': 'tr', 'turkmen': 'tk', 'twi': 'ak', 'ukrainian': 'uk', 'urdu': 'ur', 'uyghur': 'ug', 'uzbek': 'uz', 'vietnamese': 'vi', 'welsh': 'cy', 'xhosa': 'xh', 'yiddish': 'yi', 'yoruba': 'yo', 'zulu': 'zu'} | LanguageNotSupportedException: lua --> No support for the provided language.
Please select on of the supported languages:
{'afrikaans': 'af', 'albanian': 'sq', 'amharic': 'am', 'arabic': 'ar', 'armenian': 'hy', 'assamese': 'as', 'aymara': 'ay', 'azerbaijani': 'az', 'bambara': 'bm', 'basque': 'eu', 'belarusian': 'be', 'bengali': 'bn', 'bhojpuri': 'bho', 'bosnian': 'bs', 'bulgarian': 'bg', 'catalan': 'ca', 'cebuano': 'ceb', 'chichewa': 'ny', 'chinese (simplified)': 'zh-CN', 'chinese (traditional)': 'zh-TW', 'corsican': 'co', 'croatian': 'hr', 'czech': 'cs', 'danish': 'da', 'dhivehi': 'dv', 'dogri': 'doi', 'dutch': 'nl', 'english': 'en', 'esperanto': 'eo', 'estonian': 'et', 'ewe': 'ee', 'filipino': 'tl', 'finnish': 'fi', 'french': 'fr', 'frisian': 'fy', 'galician': 'gl', 'georgian': 'ka', 'german': 'de', 'greek': 'el', 'guarani': 'gn', 'gujarati': 'gu', 'haitian creole': 'ht', 'hausa': 'ha', 'hawaiian': 'haw', 'hebrew': 'iw', 'hindi': 'hi', 'hmong': 'hmn', 'hungarian': 'hu', 'icelandic': 'is', 'igbo': 'ig', 'ilocano': 'ilo', 'indonesian': 'id', 'irish': 'ga', 'italian': 'it', 'japanese': 'ja', 'javanese': 'jw', 'kannada': 'kn', 'kazakh': 'kk', 'khmer': 'km', 'kinyarwanda': 'rw', 'konkani': 'gom', 'korean': 'ko', 'krio': 'kri', 'kurdish (kurmanji)': 'ku', 'kurdish (sorani)': 'ckb', 'kyrgyz': 'ky', 'lao': 'lo', 'latin': 'la', 'latvian': 'lv', 'lingala': 'ln', 'lithuanian': 'lt', 'luganda': 'lg', 'luxembourgish': 'lb', 'macedonian': 'mk', 'maithili': 'mai', 'malagasy': 'mg', 'malay': 'ms', 'malayalam': 'ml', 'maltese': 'mt', 'maori': 'mi', 'marathi': 'mr', 'meiteilon (manipuri)': 'mni-Mtei', 'mizo': 'lus', 'mongolian': 'mn', 'myanmar': 'my', 'nepali': 'ne', 'norwegian': 'no', 'odia (oriya)': 'or', 'oromo': 'om', 'pashto': 'ps', 'persian': 'fa', 'polish': 'pl', 'portuguese': 'pt', 'punjabi': 'pa', 'quechua': 'qu', 'romanian': 'ro', 'russian': 'ru', 'samoan': 'sm', 'sanskrit': 'sa', 'scots gaelic': 'gd', 'sepedi': 'nso', 'serbian': 'sr', 'sesotho': 'st', 'shona': 'sn', 'sindhi': 'sd', 'sinhala': 'si', 'slovak': 'sk', 'slovenian': 'sl', 'somali': 'so', 'spanish': 'es', 'sundanese': 'su', 'swahili': 'sw', 'swedish': 'sv', 'tajik': 'tg', 'tamil': 'ta', 'tatar': 'tt', 'telugu': 'te', 'thai': 'th', 'tigrinya': 'ti', 'tsonga': 'ts', 'turkish': 'tr', 'turkmen': 'tk', 'twi': 'ak', 'ukrainian': 'uk', 'urdu': 'ur', 'uyghur': 'ug', 'uzbek': 'uz', 'vietnamese': 'vi', 'welsh': 'cy', 'xhosa': 'xh', 'yiddish': 'yi', 'yoruba': 'yo', 'zulu': 'zu'} | LanguageNotSupportedException: tsh --> No support for the provided language.
Please select on of the supported languages:
{'afrikaans': 'af', 'albanian': 'sq', 'amharic': 'am', 'arabic': 'ar', 'armenian': 'hy', 'assamese': 'as', 'aymara': 'ay', 'azerbaijani': 'az', 'bambara': 'bm', 'basque': 'eu', 'belarusian': 'be', 'bengali': 'bn', 'bhojpuri': 'bho', 'bosnian': 'bs', 'bulgarian': 'bg', 'catalan': 'ca', 'cebuano': 'ceb', 'chichewa': 'ny', 'chinese (simplified)': 'zh-CN', 'chinese (traditional)': 'zh-TW', 'corsican': 'co', 'croatian': 'hr', 'czech': 'cs', 'danish': 'da', 'dhivehi': 'dv', 'dogri': 'doi', 'dutch': 'nl', 'english': 'en', 'esperanto': 'eo', 'estonian': 'et', 'ewe': 'ee', 'filipino': 'tl', 'finnish': 'fi', 'french': 'fr', 'frisian': 'fy', 'galician': 'gl', 'georgian': 'ka', 'german': 'de', 'greek': 'el', 'guarani': 'gn', 'gujarati': 'gu', 'haitian creole': 'ht', 'hausa': 'ha', 'hawaiian': 'haw', 'hebrew': 'iw', 'hindi': 'hi', 'hmong': 'hmn', 'hungarian': 'hu', 'icelandic': 'is', 'igbo': 'ig', 'ilocano': 'ilo', 'indonesian': 'id', 'irish': 'ga', 'italian': 'it', 'japanese': 'ja', 'javanese': 'jw', 'kannada': 'kn', 'kazakh': 'kk', 'khmer': 'km', 'kinyarwanda': 'rw', 'konkani': 'gom', 'korean': 'ko', 'krio': 'kri', 'kurdish (kurmanji)': 'ku', 'kurdish (sorani)': 'ckb', 'kyrgyz': 'ky', 'lao': 'lo', 'latin': 'la', 'latvian': 'lv', 'lingala': 'ln', 'lithuanian': 'lt', 'luganda': 'lg', 'luxembourgish': 'lb', 'macedonian': 'mk', 'maithili': 'mai', 'malagasy': 'mg', 'malay': 'ms', 'malayalam': 'ml', 'maltese': 'mt', 'maori': 'mi', 'marathi': 'mr', 'meiteilon (manipuri)': 'mni-Mtei', 'mizo': 'lus', 'mongolian': 'mn', 'myanmar': 'my', 'nepali': 'ne', 'norwegian': 'no', 'odia (oriya)': 'or', 'oromo': 'om', 'pashto': 'ps', 'persian': 'fa', 'polish': 'pl', 'portuguese': 'pt', 'punjabi': 'pa', 'quechua': 'qu', 'romanian': 'ro', 'russian': 'ru', 'samoan': 'sm', 'sanskrit': 'sa', 'scots gaelic': 'gd', 'sepedi': 'nso', 'serbian': 'sr', 'sesotho': 'st', 'shona': 'sn', 'sindhi': 'sd', 'sinhala': 'si', 'slovak': 'sk', 'slovenian': 'sl', 'somali': 'so', 'spanish': 'es', 'sundanese': 'su', 'swahili': 'sw', 'swedish': 'sv', 'tajik': 'tg', 'tamil': 'ta', 'tatar': 'tt', 'telugu': 'te', 'thai': 'th', 'tigrinya': 'ti', 'tsonga': 'ts', 'turkish': 'tr', 'turkmen': 'tk', 'twi': 'ak', 'ukrainian': 'uk', 'urdu': 'ur', 'uyghur': 'ug', 'uzbek': 'uz', 'vietnamese': 'vi', 'welsh': 'cy', 'xhosa': 'xh', 'yiddish': 'yi', 'yoruba': 'yo', 'zulu': 'zu'} | LanguageNotSupportedException: tsh --> No support for the provided language.
Please select on of the supported languages:
{'afrikaans': 'af', 'albanian': 'sq', 'amharic': 'am', 'arabic': 'ar', 'armenian': 'hy', 'assamese': 'as', 'aymara': 'ay', 'azerbaijani': 'az', 'bambara': 'bm', 'basque': 'eu', 'belarusian': 'be', 'bengali': 'bn', 'bhojpuri': 'bho', 'bosnian': 'bs', 'bulgarian': 'bg', 'catalan': 'ca', 'cebuano': 'ceb', 'chichewa': 'ny', 'chinese (simplified)': 'zh-CN', 'chinese (traditional)': 'zh-TW', 'corsican': 'co', 'croatian': 'hr', 'czech': 'cs', 'danish': 'da', 'dhivehi': 'dv', 'dogri': 'doi', 'dutch': 'nl', 'english': 'en', 'esperanto': 'eo', 'estonian': 'et', 'ewe': 'ee', 'filipino': 'tl', 'finnish': 'fi', 'french': 'fr', 'frisian': 'fy', 'galician': 'gl', 'georgian': 'ka', 'german': 'de', 'greek': 'el', 'guarani': 'gn', 'gujarati': 'gu', 'haitian creole': 'ht', 'hausa': 'ha', 'hawaiian': 'haw', 'hebrew': 'iw', 'hindi': 'hi', 'hmong': 'hmn', 'hungarian': 'hu', 'icelandic': 'is', 'igbo': 'ig', 'ilocano': 'ilo', 'indonesian': 'id', 'irish': 'ga', 'italian': 'it', 'japanese': 'ja', 'javanese': 'jw', 'kannada': 'kn', 'kazakh': 'kk', 'khmer': 'km', 'kinyarwanda': 'rw', 'konkani': 'gom', 'korean': 'ko', 'krio': 'kri', 'kurdish (kurmanji)': 'ku', 'kurdish (sorani)': 'ckb', 'kyrgyz': 'ky', 'lao': 'lo', 'latin': 'la', 'latvian': 'lv', 'lingala': 'ln', 'lithuanian': 'lt', 'luganda': 'lg', 'luxembourgish': 'lb', 'macedonian': 'mk', 'maithili': 'mai', 'malagasy': 'mg', 'malay': 'ms', 'malayalam': 'ml', 'maltese': 'mt', 'maori': 'mi', 'marathi': 'mr', 'meiteilon (manipuri)': 'mni-Mtei', 'mizo': 'lus', 'mongolian': 'mn', 'myanmar': 'my', 'nepali': 'ne', 'norwegian': 'no', 'odia (oriya)': 'or', 'oromo': 'om', 'pashto': 'ps', 'persian': 'fa', 'polish': 'pl', 'portuguese': 'pt', 'punjabi': 'pa', 'quechua': 'qu', 'romanian': 'ro', 'russian': 'ru', 'samoan': 'sm', 'sanskrit': 'sa', 'scots gaelic': 'gd', 'sepedi': 'nso', 'serbian': 'sr', 'sesotho': 'st', 'shona': 'sn', 'sindhi': 'sd', 'sinhala': 'si', 'slovak': 'sk', 'slovenian': 'sl', 'somali': 'so', 'spanish': 'es', 'sundanese': 'su', 'swahili': 'sw', 'swedish': 'sv', 'tajik': 'tg', 'tamil': 'ta', 'tatar': 'tt', 'telugu': 'te', 'thai': 'th', 'tigrinya': 'ti', 'tsonga': 'ts', 'turkish': 'tr', 'turkmen': 'tk', 'twi': 'ak', 'ukrainian': 'uk', 'urdu': 'ur', 'uyghur': 'ug', 'uzbek': 'uz', 'vietnamese': 'vi', 'welsh': 'cy', 'xhosa': 'xh', 'yiddish': 'yi', 'yoruba': 'yo', 'zulu': 'zu'} | LanguageNotSupportedException: lu --> No support for the provided language.
Please select on of the supported languages:
{'afrikaans': 'af', 'albanian': 'sq', 'amharic': 'am', 'arabic': 'ar', 'armenian': 'hy', 'assamese': 'as', 'aymara': 'ay', 'azerbaijani': 'az', 'bambara': 'bm', 'basque': 'eu', 'belarusian': 'be', 'bengali': 'bn', 'bhojpuri': 'bho', 'bosnian': 'bs', 'bulgarian': 'bg', 'catalan': 'ca', 'cebuano': 'ceb', 'chichewa': 'ny', 'chinese (simplified)': 'zh-CN', 'chinese (traditional)': 'zh-TW', 'corsican': 'co', 'croatian': 'hr', 'czech': 'cs', 'danish': 'da', 'dhivehi': 'dv', 'dogri': 'doi', 'dutch': 'nl', 'english': 'en', 'esperanto': 'eo', 'estonian': 'et', 'ewe': 'ee', 'filipino': 'tl', 'finnish': 'fi', 'french': 'fr', 'frisian': 'fy', 'galician': 'gl', 'georgian': 'ka', 'german': 'de', 'greek': 'el', 'guarani': 'gn', 'gujarati': 'gu', 'haitian creole': 'ht', 'hausa': 'ha', 'hawaiian': 'haw', 'hebrew': 'iw', 'hindi': 'hi', 'hmong': 'hmn', 'hungarian': 'hu', 'icelandic': 'is', 'igbo': 'ig', 'ilocano': 'ilo', 'indonesian': 'id', 'irish': 'ga', 'italian': 'it', 'japanese': 'ja', 'javanese': 'jw', 'kannada': 'kn', 'kazakh': 'kk', 'khmer': 'km', 'kinyarwanda': 'rw', 'konkani': 'gom', 'korean': 'ko', 'krio': 'kri', 'kurdish (kurmanji)': 'ku', 'kurdish (sorani)': 'ckb', 'kyrgyz': 'ky', 'lao': 'lo', 'latin': 'la', 'latvian': 'lv', 'lingala': 'ln', 'lithuanian': 'lt', 'luganda': 'lg', 'luxembourgish': 'lb', 'macedonian': 'mk', 'maithili': 'mai', 'malagasy': 'mg', 'malay': 'ms', 'malayalam': 'ml', 'maltese': 'mt', 'maori': 'mi', 'marathi': 'mr', 'meiteilon (manipuri)': 'mni-Mtei', 'mizo': 'lus', 'mongolian': 'mn', 'myanmar': 'my', 'nepali': 'ne', 'norwegian': 'no', 'odia (oriya)': 'or', 'oromo': 'om', 'pashto': 'ps', 'persian': 'fa', 'polish': 'pl', 'portuguese': 'pt', 'punjabi': 'pa', 'quechua': 'qu', 'romanian': 'ro', 'russian': 'ru', 'samoan': 'sm', 'sanskrit': 'sa', 'scots gaelic': 'gd', 'sepedi': 'nso', 'serbian': 'sr', 'sesotho': 'st', 'shona': 'sn', 'sindhi': 'sd', 'sinhala': 'si', 'slovak': 'sk', 'slovenian': 'sl', 'somali': 'so', 'spanish': 'es', 'sundanese': 'su', 'swahili': 'sw', 'swedish': 'sv', 'tajik': 'tg', 'tamil': 'ta', 'tatar': 'tt', 'telugu': 'te', 'thai': 'th', 'tigrinya': 'ti', 'tsonga': 'ts', 'turkish': 'tr', 'turkmen': 'tk', 'twi': 'ak', 'ukrainian': 'uk', 'urdu': 'ur', 'uyghur': 'ug', 'uzbek': 'uz', 'vietnamese': 'vi', 'welsh': 'cy', 'xhosa': 'xh', 'yiddish': 'yi', 'yoruba': 'yo', 'zulu': 'zu'} | LanguageNotSupportedException: lu --> No support for the provided language.
Please select on of the supported languages:
{'afrikaans': 'af', 'albanian': 'sq', 'amharic': 'am', 'arabic': 'ar', 'armenian': 'hy', 'assamese': 'as', 'aymara': 'ay', 'azerbaijani': 'az', 'bambara': 'bm', 'basque': 'eu', 'belarusian': 'be', 'bengali': 'bn', 'bhojpuri': 'bho', 'bosnian': 'bs', 'bulgarian': 'bg', 'catalan': 'ca', 'cebuano': 'ceb', 'chichewa': 'ny', 'chinese (simplified)': 'zh-CN', 'chinese (traditional)': 'zh-TW', 'corsican': 'co', 'croatian': 'hr', 'czech': 'cs', 'danish': 'da', 'dhivehi': 'dv', 'dogri': 'doi', 'dutch': 'nl', 'english': 'en', 'esperanto': 'eo', 'estonian': 'et', 'ewe': 'ee', 'filipino': 'tl', 'finnish': 'fi', 'french': 'fr', 'frisian': 'fy', 'galician': 'gl', 'georgian': 'ka', 'german': 'de', 'greek': 'el', 'guarani': 'gn', 'gujarati': 'gu', 'haitian creole': 'ht', 'hausa': 'ha', 'hawaiian': 'haw', 'hebrew': 'iw', 'hindi': 'hi', 'hmong': 'hmn', 'hungarian': 'hu', 'icelandic': 'is', 'igbo': 'ig', 'ilocano': 'ilo', 'indonesian': 'id', 'irish': 'ga', 'italian': 'it', 'japanese': 'ja', 'javanese': 'jw', 'kannada': 'kn', 'kazakh': 'kk', 'khmer': 'km', 'kinyarwanda': 'rw', 'konkani': 'gom', 'korean': 'ko', 'krio': 'kri', 'kurdish (kurmanji)': 'ku', 'kurdish (sorani)': 'ckb', 'kyrgyz': 'ky', 'lao': 'lo', 'latin': 'la', 'latvian': 'lv', 'lingala': 'ln', 'lithuanian': 'lt', 'luganda': 'lg', 'luxembourgish': 'lb', 'macedonian': 'mk', 'maithili': 'mai', 'malagasy': 'mg', 'malay': 'ms', 'malayalam': 'ml', 'maltese': 'mt', 'maori': 'mi', 'marathi': 'mr', 'meiteilon (manipuri)': 'mni-Mtei', 'mizo': 'lus', 'mongolian': 'mn', 'myanmar': 'my', 'nepali': 'ne', 'norwegian': 'no', 'odia (oriya)': 'or', 'oromo': 'om', 'pashto': 'ps', 'persian': 'fa', 'polish': 'pl', 'portuguese': 'pt', 'punjabi': 'pa', 'quechua': 'qu', 'romanian': 'ro', 'russian': 'ru', 'samoan': 'sm', 'sanskrit': 'sa', 'scots gaelic': 'gd', 'sepedi': 'nso', 'serbian': 'sr', 'sesotho': 'st', 'shona': 'sn', 'sindhi': 'sd', 'sinhala': 'si', 'slovak': 'sk', 'slovenian': 'sl', 'somali': 'so', 'spanish': 'es', 'sundanese': 'su', 'swahili': 'sw', 'swedish': 'sv', 'tajik': 'tg', 'tamil': 'ta', 'tatar': 'tt', 'telugu': 'te', 'thai': 'th', 'tigrinya': 'ti', 'tsonga': 'ts', 'turkish': 'tr', 'turkmen': 'tk', 'twi': 'ak', 'ukrainian': 'uk', 'urdu': 'ur', 'uyghur': 'ug', 'uzbek': 'uz', 'vietnamese': 'vi', 'welsh': 'cy', 'xhosa': 'xh', 'yiddish': 'yi', 'yoruba': 'yo', 'zulu': 'zu'}",8,dinanga,0.85,legacy_supported,current_paper_expanded_6632:826;current_paper_expanded_6632:1247;current_paper_expanded_6632:1567;current_paper_expanded_6632:1584;current_paper_expanded_6632:1759;current_paper_expanded_6632:2444;current_paper_expanded_6632:2621;current_paper_expanded_6632:2708,"Multiple legacy lexicon rows map dinanga to French 'amour' / English 'love', matching the provided 'i love' sense.",dinanga,gpt_frenchyluba_assisted,gpt_lexicon_assisted_provisional
